"This file is documentation for the input data format for the case definition file, used as input for the Simple Energy Model v 1.0",,,,,,,,,,,,,,,,,,,,,,,,,,,,,,,,,,,,,,,,,,
,,,,,,,,,,,,,,,,,,,,,,,,,,,,,,,,,,,,,,,,,,
This is an example of the file format. This part of the file is for comments only.,,,,,,,,,,,,,,,,,,,,,,,,,,,,,,,,,,,,,,,,,,
,,,,,,,,,,,,,,,,,,,,,,,,,,,,,,,,,,,,,,,,,,
All global variables (not case specific) are specified after 'BEGIN GLOBAL DATA',,,,,,,,,,,,,,,,,,,,,,,,,,,,,,,,,,,,,,,,,,
All default technology costs and characteristics are specified after 'BEGIN ALL CASES DATA',,,,,,,,,,,,,,,,,,,,,,,,,,,,,,,,,,,,,,,,,,
"After 'BEGIN CASE DATA' enter the ratios of the case to the default value (i.e., if something is twice as expensive or twice as efficient, enter a 2)",,,,,,,,,,,,,,,,,,,,,,,,,,,,,,,,,,,,,,,,,,
,,,,,,,,,,,,,,,,,,,,,,,,,,,,,,,,,,,,,,,,,,
Completely blank rows will be ignored.,,,,,,,,,,,,,,,,,,,,,,,,,,,,,,,,,,,,,,,,,,
Items with unknown keywords will be ignored.,,,,,,,,,,,,,,,,,,,,,,,,,,,,,,,,,,,,,,,,,,
Keyword names are case insensitive.,,,,,,,,,,,,,,,,,,,,,,,,,,,,,,,,,,,,,,,,,,
,,,,,,,,,,,,,,,,,,,,,,,,,,,,,,,,,,,,,,,,,,
"To reduce errors, if one keyword exists relevant to a technology, all keywords for that technology must be defined (i.e., if you have FIXED_COST_wind, you must have a VAR_COST_wind).",,,,,,,,,,,,,,,,,,,,,,,,,,,,,,,,,,,,,,,,,,
,,,,,,,,,,,,,,,,,,,,,,,,,,,,,,,,,,,,,,,,,,
"All energy-related (i.e., capacity) costs are in terms of $/hr per kW capacity, except for variable generators (wind and solar) it is cost per hour of deployment at the level of the associated capacity file.",,,,,,,,,,,,,,,,,,,,,,,,,,,,,,,,,,,,,,,,,,
,,,,,,,,,,,,,,,,,,,,,,,,,,,,,,,,,,,,,,,,,,
"Note that costs of technologies with associated capacity files (e.g., wind solar) are assumed to be of the form where fixed costs the cost of hour of acheiveing the potential generation in the associated capacity file (i.e., there is no further normalization within the code).",,,,,,,,,,,,,,,,,,,,,,,,,,,,,,,,,,,,,,,,,,
,,,,,,,,,,,,,,,,,,,,,,,,,,,,,,,,,,,,,,,,,,
"All power-related (i.e., generation) costs  are in terms of $/kWh dispatched",,,,,,,,,,,,,,,,,,,,,,,,,,,,,,,,,,,,,,,,,,
Variable cost of energy storage (VAR_COST_storage) is in units of $/hr per kWh stored.,,,,,,,,,,,,,,,,,,,,,,,,,,,,,,,,,,,,,,,,,,
,,,,,,,,,,,,,,,,,,,,,,,,,,,,,,,,,,,,,,,,,,
"If the fixed cost for a technology is entered as a negative value, then that technology is assumed not to participate in the optimization.",,,,,,,,,,,,,,,,,,,,,,,,,,,,,,,,,,,,,,,,,,
,,,,,,,,,,,,,,,,,,,,,,,,,,,,,,,,,,,,,,,,,,
"It is assumed that the time series files will be a csv file with at least 5 columns:  year, month, day, hour, data. Subsequent columns will be ignored.",,,,,,,,,,,,,,,,,,,,,,,,,,,,,,,,,,,,,,,,,,
,,,,,,,,,,,,,,,,,,,,,,,,,,,,,,,,,,,,,,,,,,
"Hours are in the range of 1 to 24, where hour 1 is between midnight and 1 AM. Hour 24 is between 11 PM and midnight.",,,,,,,,,,,,,,,,,,,,,,,,,,,,,,,,,,,,,,,,,,
,,,,,,,,,,,,,,,,,,,,,,,,,,,,,,,,,,,,,,,,,,
"Required parameter data include: verbose, root_path, quick_output.",,,,,,,,,,,,,,,,,,,,,,,,,,,,,,,,,,,,,,,,,,
,,,,,,,,,,,,,,,,,,,,,,,,,,,,,,,,,,,,,,,,,,
Required case data includes case_name.,,,,,,,,,,,,,,,,,,,,,,,,,,,,,,,,,,,,,,,,,,
,,,,,,,,,,,,,,,,,,,,,,,,,,,,,,,,,,,,,,,,,,
"Allowable case keywords may appear either in the ""global data"" section or the ""case data"" section.",,,,,,,,,,,,,,,,,,,,,,,,,,,,,,,,,,,,,,,,,,
,,,,,,,,,,,,,,,,,,,,,,,,,,,,,,,,,,,,,,,,,,
Keywords that appear in the global section apply to all cases.,,,,,,,,,,,,,,,,,,,,,,,,,,,,,,,,,,,,,,,,,,
"So, for example, if all cases are to be run for the same time period, the start and stop time information could be put in the global section.",,,,,,,,,,,,,,,,,,,,,,,,,,,,,,,,,,,,,,,,,,
,,,,,,,,,,,,,,,,,,,,,,,,,,,,,,,,,,,,,,,,,,
"Required GLOBAL keywords are: VERBOSE, SWITCH_POSTPROCESS",,,,,,,,,,,,,,,,,,,,,,,,,,,,,,,,,,,,,,,,,,
,,,,,,,,,,,,,,,,,,,,,,,,,,,,,,,,,,,,,,,,,,
Required CASE keywords are: CASE_NAME,,,,,,,,,,,,,,,,,,,,,,,,,,,,,,,,,,,,,,,,,,
,,,,,,,,,,,,,,,,,,,,,,,,,,,,,,,,,,,,,,,,,,
assumptions/constants,,,,,,,,,,,,,,,,,,,,,,,,,,,,,,,,,,,,,,,,,,
intermediate calculations,,,,,,,,,,,,,,,,,,,,,,,,,,,,,,,,,,,,,,,,,,
final calculations,,,,,,,,,,,,,,,,,,,,,,,,,,,,,,,,,,,,,,,,,,
,,,,,,,,,,,,,,,,,,,,,,,,,,,,,,,,,,,,,,,,,,
DISCOUNT_RATE,0.07,,,,,,,,,,,,,,,,,,,,,,,,,,,,,,,,,,,,,,,,,
HOURS_PER_YEAR,8765.82,Reference: # days per year,,,,,,,,,,,,,,,,,,,,,,,,,,,,,,,,,,,,,,,,
Btu/kWh,3412.14,https://www.eia.gov/totalenergy/data/monthly/pdf/sec13_18.pdf,,,,,,,,,,,,,,,,,,,,,,,,,,,,,,,,,,,,,,,,
MWh/MMBtu,0.293,https://www.eia.gov/totalenergy/data/monthly/pdf/sec13_18.pdf,,,,,,,,,,,,,,,,,,,,,,,,,,,,,,,,,,,,,,,,
,,,,,,,,,,,,,,,,,,,,,,,,,,,,,,,,,,,,,,,,,,
BEGIN_GLOBAL_DATA,"""BEGIN_GLOBAL_DATA"" is a keyword that must be in the first column of the file. This section defines various flags and paths that will apply to the entire series of simulations.",,,,,,,,,,,,,,,,,,,,,,,,,,,,,,,,,,,,,,,,,
,,,,,,,,,,,,,,,,,,,,,,,,,,,,,,,,,,,,,,,,,,
GLOBAL_NAME,Oct29_yrs,"GLOBAL_NAME will be the name of the folder containing key output, name of pickle file, etc",,,,,,,,,,,,,,,,,,,,,,,,,,,,,,,,,,,,,,,,
DATA_PATH,Input_Data/Lei_Solar_Wind,"DATA_PATH is where the input data will reside. It is prepended to the wind, solar, and demand file specifications listed in the cases. (no trailing slash)",,,,,,,,,,,,,,,,,,,,,,,,,,,,,,,,,,,,,,,,
OUTPUT_PATH,Output_Data,OUTPUT_PATH is where the output folder will be created for this set of cases (no trailing slash),,,,,,,,,,,,,,,,,,,,,,,,,,,,,,,,,,,,,,,,
,,,,,,,,,,,,,,,,,,,,,,,,,,,,,,,,,,,,,,,,,,
VERBOSE,TRUE,"Print output to standard output while process (TRUE is good for interactive, FALSE is good for running lots of things in batch)",,,,,,,,,,,,,,,,,,,,,,,,,,,,,,,,,,,,,,,,
POSTPROCESS,FALSE,POSTPROCESS is True if you want standard output files. This variable must be stpecified,,,,,,,,,,,,,,,,,,,,,,,,,,,,,,,,,,,,,,,,
QUICK_LOOK,FALSE,QUICK_LOOK is true if you want to use the newer postprocessing system.,,,,,,,,,,,,,,,,,,,,,,,,,,,,,,,,,,,,,,,,
,,,,,,,,,,,,,,,,,,,,,,,,,,,,,,,,,,,,,,,,,,
BEGIN_ALL_CASES_DATA,"""BEGIN_ALL_CASES_DATA"" is a keyword that must be in the first column of the file. This section defines various flags (if any) that will be true for all of the simulations. Param keywords must be in the first column. Param value must be in the second column. Other columns are treated as comments.",,,,,,,,,,,,,,,,,,,,,,,,,,,,,,,,,,,,,,,,,
,Value,Units,Comments,,Capital cost ($/kW generation or conversion; $/kWh storage),Source for capital cost,Assumed lifetime (yr),Source for lifetime,Capital recovery factor (% per year),Fixed O&M cost ($/kW-yr),Source for fixed O&M cost,Fixed cost ($/kW-yr),Fixed cost ($/kW-h) NOTE: No difference in time value within year,Fuel cost ($/MMBtu-thermal),Fuel cost (mills/kWh-electric) ,PROBLEM IF BOTH PRECEDING COLUMNS  ARE NON-ZERO,Source for fuel cost,Heat rate (Btu/kWh),Source for heat rate,Efficiency,Fuel cost ($/kWh electric),Variable O&M cost ($/MWh),Source for variable O&M cost,Small Variable cost to ensure dispatch order for near-zero variable cost technologies ($/kWh),Variable cost ($/kWh),,,,,,,,,,,,,,,,,
NUMERICS_COST_SCALING,1.00E+12,,"Scaling value for costs to increase accuracy of optimizer results. Ideally, should have no implication for final results.",,,,,,,,,,,,,,,,,,,,,,,,,,,,,,,,,,,,,,,
NUMERICS_DEMAND_SCALING,1.00E+12,,"Scaling value for demand to increase accuracy of optimizer results. Ideally, should have no implication for final results.",,,,,,,,,,,,,,,,,,,,,,,,,,,,,,,,,,,,,,,
,,,,,,,,,,,,,,,,,,,,,,,,,,,,,,,,,,,,,,,,,,
DEMAND_FILE,US_demand_unnormalized_FOURTY_YEARS_FROM_FOUR_YEAR_LOOP.csv,,,,,,,,,,,,,,,,,,,,,,,,,,,,,,,,,,,,,,,,,
NORMALIZE_DEMAND_TO_ONE,TRUE,,Normalize demand to 1.,,,,,,,,,,,,,,,,,,,,,,,,,,,,,,,,,,,,,,,
,,,,,,,,,,,,,,,,,,,,,,,,,,,,,,,,,,,,,,,,,,
START_YEAR,2018,,"When these values are entered for cases below, they are not scaled but entered as they should be used.",,,,,,,,,,,,,,,,,,,,,,,,,,,,,,,,,,,,,,,
START_MONTH,1,,"When these values are entered for cases below, they are not scaled but entered as they should be used.",,,,,,,,,,,,,,,,,,,,,,,,,,,,,,,,,,,,,,,
START_DAY,1,,"When these values are entered for cases below, they are not scaled but entered as they should be used.",,,,,,,,,,,,,,,,,,,,,,,,,,,,,,,,,,,,,,,
START_HOUR,1,,"When these values are entered for cases below, they are not scaled but entered as they should be used.",,,,,,,,,,,,,,,,,,,,,,,,,,,,,,,,,,,,,,,
END_YEAR,2018,,"When these values are entered for cases below, they are not scaled but entered as they should be used.",,,,,,,,,,,,,,,,,,,,,,,,,,,,,,,,,,,,,,,
END_MONTH,12,,"When these values are entered for cases below, they are not scaled but entered as they should be used.",,,,,,,,,,,,,,,,,,,,,,,,,,,,,,,,,,,,,,,
END_DAY,31,,"When these values are entered for cases below, they are not scaled but entered as they should be used.",,,,,,,,,,,,,,,,,,,,,,,,,,,,,,,,,,,,,,,
END_HOUR,24,,"When these values are entered for cases below, they are not scaled but entered as they should be used.",,,,,,,,,,,,,,,,,,,,,,,,,,,,,,,,,,,,,,,
,,,,,,,,,,,,,,,,,,,,,,,,,,,,,,,,,,,,,,,,,,
CO2_PRICE,0,$/kgCO2,CO2 price to be used for fixed and variable CO2 emissions,,,,,,,,,,,,,,,,,,,,,,,,,,,,,,,,,,,,,,,
,,,,,,,,,,,,,,,,,,,,,,,,,,,,,,,,,,,,,,,,,,
SOLAR_CAPACITY_FILE,US_solar_thresh.csv,,,,,,,,,,,,,,,,,,,,,,,,,,,,,,,,,,,,,,,,,
FIXED_COST_SOLAR,2.19E-02,($/h)/kW,Values are for single axis tracking,,2105,"EIA, AEO2018, Electricity Market Module, Table 2",30,"EIA, AEO2018, Commercial Demand Module, Table 3",8.06%,22.02,"EIA, AEO2018, Electricity Market Module, Table 2",191.65,0.02186,,,,,,,,,,,,,,,,,,,,,,,,,,,,,
VAR_COST_SOLAR,1.00E-08,$/kWh,"The idea is that this should be a small number, but bigger than solar, so solar is curtailed first; difference within (1/0.9-1) to avoid battery arbitrage",,,,,,,,,,,0,0,OK,,9271,"EIA, AEO2018, Electricity Market Module, Table 2",0.368,0,0,"EIA, AEO2018, Electricity Market Module, Table 2",1.00E-08,1.00E-08,,,,,,,,,,,,,,,,,
FIXED_CO2_SOLAR,0,kgCO2/kW capacity,CO2_COST * FIXED_CO2_SOLAR is added to fixed cost,,,,,,,,,,,,,,,,,,,,,,,,,,,,,,,,,,,,,,,
VAR_CO2_SOLAR,0,kgCO2/kWh dispatched,"CO2_COST * VAR_CO2_SOLAR is added to variable cost, direct CO2eq emissions only, not construction etc",,,,,,,,,,,,,,,,,,,,,,,,,,,,,,,,,,,,,,,
,,,,,,,,,,,,,,,,,,,,,,,,,,,,,,,,,,,,,,,,,,
SOLAR2_CAPACITY_FILE,US_capacity_solar_CONUS_unnormalized.csv,,,,,,,,,,,,,,,,,,,,,,,,,,,,,,,,,,,,,,,,,
FIXED_COST_SOLAR2,2.19E-02,($/h)/kW,Values are for single axis tracking,,2105,"EIA, AEO2018, Electricity Market Module, Table 2",30,"EIA, AEO2018, Commercial Demand Module, Table 3",8.06%,22.02,"EIA, AEO2018, Electricity Market Module, Table 2",191.65,0.02186,,,,,,,,,,,,,,,,,,,,,,,,,,,,,
VAR_COST_SOLAR2,1.00E-08,$/kWh,"The idea is that this should be a small number, but bigger than solar, so solar is curtailed first; difference within (1/0.9-1) to avoid battery arbitrage",,,,,,,,,,,0,0,OK,,9271,"EIA, AEO2018, Electricity Market Module, Table 2",0.368,0,0,"EIA, AEO2018, Electricity Market Module, Table 2",1.00E-08,1.00E-08,,,,,,,,,,,,,,,,,
FIXED_CO2_SOLAR2,0,kgCO2/kW capacity,CO2_COST * FIXED_CO2_SOLAR is added to fixed cost,,,,,,,,,,,,,,,,,,,,,,,,,,,,,,,,,,,,,,,
VAR_CO2_SOLAR2,0,kgCO2/kWh dispatched,"CO2_COST * VAR_CO2_SOLAR is added to variable cost, direct CO2eq emissions only, not construction etc",,,,,,,,,,,,,,,,,,,,,,,,,,,,,,,,,,,,,,,
,,,,,,,,,,,,,,,,,,,,,,,,,,,,,,,,,,,,,,,,,,
WIND_CAPACITY_FILE,US_wind_thresh.csv,,,,,,,,,,,,,,,,,,,,,,,,,,,,,,,,,,,,,,,,,
FIXED_COST_WIND,2.06E-02,($/h)/kW,Values are for onshore wind,,1657,"EIA, AEO2018, Electricity Market Module, Table 2",30,"EIA, AEO2018, Commercial Demand Module, Table 3",8.06%,47.47,"EIA, AEO2018, Electricity Market Module, Table 2",181,0.02065,,,,,,,,,,,,,,,,,,,,,,,,,,,,,
VAR_COST_WIND,1.05E-08,$/kWh,"The idea is that this should be a small number, but bigger than solar, so solar is curtailed first; difference within (1/0.9-1) to avoid battery arbitrage",,,,,,,,,,,0,0,OK,,9271,"EIA, AEO2018, Electricity Market Module, Table 2",0.368,0,0,"EIA, AEO2018, Electricity Market Module, Table 2",1.05E-08,1.05E-08,,,,,,,,,,,,,,,,,
FIXED_CO2_WIND,0,kgCO2/kW capacity,CO2_COST * FIXED_CO2_SOLAR is added to fixed cost,,,,,,,,,,,,,,,,,,,,,,,,,,,,,,,,,,,,,,,
VAR_CO2_WIND,0,kgCO2/kWh dispatched,"CO2_COST * VAR_CO2_SOLAR is added to variable cost, direct CO2eq emissions only, not construction etc",,,,,,,,,,,,,,,,,,,,,,,,,,,,,,,,,,,,,,,
,,,,,,,,,,,,,,,,,,,,,,,,,,,,,,,,,,,,,,,,,,
WIND2_CAPACITY_FILE,US_capacity_wind_CONUS_unnormalized.csv,,,,,,,,,,,,,,,,,,,,,,,,,,,,,,,,,,,,,,,,,
FIXED_COST_WIND2,2.06E-02,($/h)/kW,Values are for onshore wind,,1657,"EIA, AEO2018, Electricity Market Module, Table 2",30,"EIA, AEO2018, Commercial Demand Module, Table 3",8.06%,47.47,"EIA, AEO2018, Electricity Market Module, Table 2",181,0.02065,,,,,,,,,,,,,,,,,,,,,,,,,,,,,
VAR_COST_WIND2,1.05E-08,$/kWh,"The idea is that this should be a small number, but bigger than solar, so solar is curtailed first; difference within (1/0.9-1) to avoid battery arbitrage",,,,,,,,,,,0,0,OK,,9271,"EIA, AEO2018, Electricity Market Module, Table 2",0.368,0,0,"EIA, AEO2018, Electricity Market Module, Table 2",1.05E-08,1.05E-08,,,,,,,,,,,,,,,,,
FIXED_CO2_WIND2,0,kgCO2/kW capacity,CO2_COST * FIXED_CO2_SOLAR is added to fixed cost,,,,,,,,,,,,,,,,,,,,,,,,,,,,,,,,,,,,,,,
VAR_CO2_WIND2,0,kgCO2/kWh dispatched,"CO2_COST * VAR_CO2_SOLAR is added to variable cost, direct CO2eq emissions only, not construction etc",,,,,,,,,,,,,,,,,,,,,,,,,,,,,,,,,,,,,,,
,,,,,,,,,,,,,,,,,,,,,,,,,,,,,,,,,,,,,,,,,,
FIXED_COST_NATGAS,1.18E-02,($/h)/kW,,,982,"EIA, AEO2018, Electricity Market Module, Table 2",20,"EIA, AEO2018, Commercial Demand Module, Table 3",9.44%,11.11,"EIA, AEO2018, Electricity Market Module, Table 2",103.8,0.01184,,,,,,,,,,,,,,,,,,,,,,,,,,,,,
VAR_COST_NATGAS,3.90E-02,$/kWh,,,,,,,,,,,,3,0,OK,"EIA, EPA2016, Table 7.20",6350,"EIA, AEO2018, Electricity Market Module, Table 2",0.5373,0.0191,3.54,"EIA, AEO2018, Electricity Market Module, Table 2",0.00E+00,3.90E-02,,,,,,,,,,,,,,,,,
FIXED_CO2_NATGAS,0,kgCO2/kW capacity,CO2_COST * FIXED_CO2_SOLAR is added to fixed cost,,,,,,,,,,,,,,,,,,,,,,,,,,,,,,,,,,,,,,,
VAR_CO2_NATGAS,0.461,kgCO2/kWh dispatched,"CO2_COST * VAR_CO2_SOLAR is added to variable cost; source for natgas: https://en.wikipedia.org/wiki/Life-cycle_greenhouse-gas_emissions_of_energy_sources; direct CO2eq emissions only, not construction etc",,,,,,,,,,,,,,,,,,,,,,,,,,,,,,,,,,,,,,,
,,,,,,,,,,,,,,,,,,,,,,,,,,,,,,,,,,,,,,,,,,
FIXED_COST_NATGAS_CCS,2.73E-02,($/h)/kW,,,2175,"EIA, AEO2018, Electricity Market Module, Table 2",20,"EIA, AEO2018, Commercial Demand Module, Table 3",9.44%,33.75,"EIA, AEO2018, Electricity Market Module, Table 2",239.05,0.02727,,,,,,,,,,,,,,,,,,,,,,,,,,,,,
VAR_COST_NATGAS_CCS,5.66E-02,$/kWh,,,,,,,,,,,,3,0,OK,"EIA, EPA2016, Table 7.20",7493,"EIA, AEO2018, Electricity Market Module, Table 2",0.4554,0.0225,7.2,"EIA, AEO2018, Electricity Market Module, Table 2",0.00E+00,5.66E-02,,,,,,,,,,,,,,,,,
FIXED_CO2_NATGAS_CCS,0,kgCO2/kW capacity,CO2_COST * FIXED_CO2_SOLAR is added to fixed cost,,,,,,,,,,,,,,,,,,,,,,,,,,,,,,,,,,,,,,,
VAR_CO2_NATGAS_CCS,0.167,kgCO2/kWh dispatched,"CO2_COST * VAR_CO2_SOLAR is added to variable cost,source for natgas_ccs is https://en.wikipedia.org/wiki/Life-cycle_greenhouse-gas_emissions_of_energy_sources, direct CO2eq emissions only, not construction etc",,,,,,,,,,,,,,,,,,,,,,,,,,,,,,,,,,,,,,,
,,,,,,,,,,,,,,,,,,,,,,,,,,,,,,,,,,,,,,,,,,
FIXED_COST_NUCLEAR,6.48E-02,($/h)/kW,"For constant generation, add up fixed and variable costs and substract variable O&M cost",,5946,"EIA, AEO2018, Electricity Market Module, Table 2",40,"EIA, 2014; NRC, 2018",7.50%,101.28,"EIA, AEO2018, Electricity Market Module, Table 2",547.28,0.06475,,,,,,,,,,,,,Note: for nuclear we adding non-fuel variable costs to fixed costs.,,,,,,,,,,,,,,,,
VAR_COST_NUCLEAR,2.28E-02,$/kWh,"For constant generation, add up fixed and variable costs and substract variable O&M cost",,,,,,,,,,,0,7.45,OK,"EIA, EPA2016, Table 8.4",10460,"EIA, AEO2018, Electricity Market Module, Table 2",0.3262,0.0075,2.32,"EIA, AEO2018, Electricity Market Module, Table 2",0.00E+00,2.28E-02,Note: for nuclear we are taking only fuel costs as (in units of per kWh electricity not per kWh thermal) as variable and adding other factors to fixed cost.,,,,,,,,,,,,,,,,
FIXED_CO2_NUCLEAR,0,kgCO2/kW capacity,CO2_COST * FIXED_CO2_SOLAR is added to fixed cost,,,,,,,,,,,,,,,,,,,,,,,,,,,,,,,,,,,,,,,
VAR_CO2_NUCLEAR,0,kgCO2/kWh dispatched,"CO2_COST * VAR_CO2_SOLAR is added to variable cost, direct CO2eq emissions only, not construction etc",,,,,,,,,,,,,,,,,,,,,,,,,,,,,,,,,,,,,,,
,,,,,,,,,,,,,,,,,,,,,,,,,,,,,,,,,,,,,,,,,,
FIXED_COST_STORAGE,4.24E-03,($/h)/kWh,"Assuming $261/kWh capital cost (Davis et al., 2018), 7% discount rate, 10-year lifetime (Lazard, 2017)",,261,"Davis et al., 2018, Science",10,"LAZARD, 2017, Appendix A",14.24%,0,,37.16,0.00424,,,,,,,,,,,,,,,,,,,,,,,,,,,,,
VAR_COST_TO_STORAGE,0.00E+00,($/h)/kW,,,,,,,,,,,,0,0,OK,,0,,1,,0,,,0.00E+00,,,,,,,,,,,,,,,,,
VAR_COST_FROM_STORAGE,0.00E+00,($/h)/kW,,,,,,,,,,,,0,0,OK,,0,,1,,0,,,0.00E+00,,,,,,,,,,,,,,,,,
STORAGE_CHARGING_EFFICIENCY,0.9,,Equivalent to roundtrip efficiency,,,,,,,,,,,,,,,,,,,,,,,,,,,,,,,,,,,,,,,
STORAGE_DECAY_RATE,1.14E-06,fraction per hour,1% per month,"Buchmann, 2018, Battery University",,,,,,,,,,,,,,,,,,,,,,,,,,,,,,,,,,,,,,
STORAGE_CHARGING_TIME,6.008,hours,"From $1568/kW and $261/kWh from Davis et al., 2018",,,,,,,,,,,,,,,,,,,,,,,,,,,,,,,,,,,,,,,
,,,,,,,,,,,,,,,,,,,,,,,,,,,,,,,,,,,,,,,,,,
FIXED_COST_STORAGE2,4.24E-03,($/h)/kWh,"Assuming $261/kWh capital cost (Davis et al., 2018), 7% discount rate, 10-year lifetime (Lazard, 2017)",,261,"Davis et al., 2018, Science",10,"LAZARD, 2017, Appendix A",14.24%,0,,37.16,0.00424,,,,,,,,,,,,,,,,,,,,,,,,,,,,,
VAR_COST_TO_STORAGE2,0.00E+00,($/h)/kW,,,,,,,,,,,,0,0,OK,,0,,1,,0,,,0.00E+00,,,,,,,,,,,,,,,,,
VAR_COST_FROM_STORAGE2,0.00E+00,($/h)/kW,,,,,,,,,,,,0,0,OK,,0,,1,,0,,,0.00E+00,,,,,,,,,,,,,,,,,
CHARGING_EFFICIENCY_STORAGE2,0.9,,Equivalent to roundtrip efficiency,,,,,,,,,,,,,,,,,,,,,,,,,,,,,,,,,,,,,,,
DECAY_RATE_STORAGE2,1.14E-06,fraction per hour,1% per month,"Buchmann, 2018, Battery University",,,,,,,,,,,,,,,,,,,,,,,,,,,,,,,,,,,,,,
CHARGING_TIME_STORAGE2,6.008,hours,"From $1568/kW and $261/kWh from Davis et al., 2018",,,,,,,,,,,,,,,,,,,,,,,,,,,,,,,,,,,,,,,
,,,,,,,,,,,,,,,,,,,,,,,,,,,,,,,,,,,,,,,,,,
FIXED_COST_PGP_STORAGE,1.47E-06,($/h)/kWh,Salt cavern,,0.16,"Steward, 2009, NREL Report",30,"Steward, 2009, NREL Report",8.06%,0,,0.01,1.47E-06,,,,,,,,,,,,,,,,,,,,,,,,,,,,,
FIXED_COST_TO_PGP_STORAGE,1.48E-02,($/h)/kW,Electrolyzer + Compressor,,1058,*See calc below,12.5,NREL,12.26%,0,,129.76,0.0148,,,,,,,,,,,,,,,,,,,,,,,,,,,,,
FIXED_COST_FROM_PGP_STORAGE,6.30E-02,($/h)/kW,"Fuel cell (CHP, MCFC)",,5854,NREL,20,NREL,9.44%,0,,552.58,0.06304,,,,,,,,,,,,,,,,,,,,,,,,,,,,,
VAR_COST_TO_PGP_STORAGE,0.00E+00,($/h)/kW,,,,,,,,,,,,0,0,OK,,0,,1,,0,,,0.00E+00,,,,,,,,,,,,,,,,,
VAR_COST_FROM_PGP_STORAGE,0.00E+00,($/h)/kW,,,,,,,,,,,,0,0,OK,,0,,1,,0,,,0.00E+00,,,,,,,,,,,,,,,,,
PGP_STORAGE_DECAY_RATE,1.14E-08,fraction per hour,0.01% per year,"Crotogino et al., 2010, p43",,,,,,,,,,,,,,,,,,,,,,,,,,,,,,,,,,,,,,
PGP_STORAGE_CHARGING_EFFICIENCY,0.49,,Electrolyzer(70%) * Compressor(100%)*Fuel cell(70%)= 49%,,,,,,,,,,,,,,,,,,,,,,,,,,,,,,,,,,,,,,,
,,,,,,,,,,,,,,,,,,,,,,,,,,,,,,,,,,,,,,,,,,
CSP_CAPACITY_FILE,US_capacity_solar_CONUS_unnormalized.csv,,,,,,,,,,,,,,,,,,,,,,,,,,,,,,,,,,,,,,,,,
FIXED_COST_CSP,1.95E-02,($/h)/kW,2.74E-06,Cost of generating capacity in $/h/kW,,,,,,,,,,,,,,,,,,,,,,,,,,,,,,,,,,,,,,
FIXED_COST_CSP_STORAGE,1.00E-02,($/h)/kWh,,Cost of energy storage capacity in $/h/kWh,,,,,,,,,,,,,,,,,,,,,,,,,,,,,,,,,,,,,,
VAR_COST_CSP,1.00E-08,($/h)/kW,,,,,,,,,,,,,,,,,,,,,,,,,,,,,,,,,,,,,,,,
VAR_COST_CSP_STORAGE,1.00E-08,($/h)/kW,,,,,,,,,,,,,,,,,,,,,,,,,,,,,,,,,,,,,,,,
DECAY_RATE_CSP_STORAGE,0.1,fraction per hour,,10 hours,,,,,,,,,,,,,,,,,,,,,,,,,,,,,,,,,,,,,,
CHARGING_EFFICIENCY_CSP_STORAGE,1,,Assume that all costs are in units of per kWh output.,,,,,,,,,,,,,,,,,,,,,,,,,,,,,,,,,,,,,,,
,,,,,,,,,,,,,,,,,,,,,,,,,,,,,,,,,,,,,,,,,,
VAR_COST_UNMET_DEMAND,10,($/h)/kW,,,,,,,,,,,,,,,,,,,,,,,,,,,,,,,,,,,,,,,,
,,,,,,,,,,,,,,,,,,,,,,,,,,,,,,,,,,,,,,,,,,
,,"Note: values provided below will override values given above. Cost numbers are given as ratios to the ALL_CASE_DATA (i.e., 2 ==> twice as much as listed in ALL_CASE_DATA). Dates, efficiencies, etc, are given in absolute values.",,,,,,,,,,,,,,,,,,,,,,,,,,,,,,,,,,,,,,,,
,,,,,,,,,,,,,,,,,,,,,,,,,,,,,,,,,,,,,,,,,,
BEGIN_CASE_DATA,"""BEGIN_CASE_DATA"" is a keyword that must be in the first column of the file. The next row must contain keywords. Definitions here will multiply times values in  <BEGIN_ALL_CASES_DATA>. There must be at least one row here, because this is how the number of cases gets defined.",,,,,,,,,,,,,,,,,,,,,,,,,,,,,,,,,,,,,,,,,
CASE_NAME,START_YEAR,START_MONTH,START_DAY,START_HOUR,END_YEAR,END_MONTH,END_DAY,END_HOUR,FIXED_COST_SOLAR,VAR_COST_SOLAR,FIXED_COST_SOLAR2,VAR_COST_SOLAR2,FIXED_COST_WIND,VAR_COST_WIND,FIXED_COST_WIND2,VAR_COST_WIND2,FIXED_COST_NATGAS,VAR_COST_NATGAS,FIXED_COST_NATGAS_CCS,VAR_COST_NATGAS_CCS,FIXED_COST_NUCLEAR,VAR_COST_NUCLEAR,FIXED_COST_STORAGE,VAR_COST_TO_STORAGE,VAR_COST_FROM_STORAGE,STORAGE_CHARGING_EFFICIENCY,FIXED_COST_STORAGE2,VAR_COST_TO_STORAGE2,VAR_COST_FROM_STORAGE2,CHARGING_EFFICIENCY_STORAGE2,FIXED_COST_PGP_STORAGE,FIXED_COST_TO_PGP_STORAGE,FIXED_COST_TO_PGP_STORAGE,FIXED_COST_FROM_PGP_STORAGE,VAR_COST_TO_PGP_STORAGE,VAR_COST_FROM_PGP_STORAGE,FIXED_COST_CSP,FIXED_COST_CSP_STORAGE,VAR_COST_CSP,VAR_COST_CSP_STORAGE,VAR_COST_UNMET_DEMAND,PGP_STORAGE_CHARGING_EFFICIENCY
,,,,,,,,,,,,,,,,,,,,,,,,,,,,,,,,,,,,,,,,,,
,,,,,,,,,,,,,,,,,,,,,,,,,,,,,,,,,,,,,,,,,,
4yrs_1988_1991,1988,1,1,1,1991,12,31,24,1,1,-1,-1,1,1,-1,-1,-1,-1,-1,-1,-1,-1,1,1,1,0.9,-1,-1,-1,-1,1,1,1,1,1,1,-1,-1,-1,-1,-1,0.49
4yrs_2008_2011,2008,1,1,1,2011,12,31,24,1,1,-1,-1,1,1,-1,-1,-1,-1,-1,-1,-1,-1,1,1,1,0.9,-1,-1,-1,-1,1,1,1,1,1,1,-1,-1,-1,-1,-1,0.49
,,,,,,,,,,,,,,,,,,,,,,,,,,,,,,,,,,,,,,,,,,
END_DATA,,,,,,,,,,,,,,,,,,,,,,,,,,,,,,,,,,,,,,,,,,
,,,,,,,,,,,,,,,,,,,,,,,,,,,,,,,,,,,,,,,,,,
3yrs_1980_1982,1980,1,1,1,1982,12,31,24,1,1,-1,-1,1,1,-1,-1,-1,-1,-1,-1,-1,-1,1,1,1,0.9,-1,-1,-1,-1,1,1,1,1,1,1,-1,-1,-1,-1,-1,0.49
3yrs_1983_1985,1983,1,1,1,1985,12,31,24,1,1,-1,-1,1,1,-1,-1,-1,-1,-1,-1,-1,-1,1,1,1,0.9,-1,-1,-1,-1,1,1,1,1,1,1,-1,-1,-1,-1,-1,0.49
3yrs_1986_1988,1986,1,1,1,1988,12,31,24,1,1,-1,-1,1,1,-1,-1,-1,-1,-1,-1,-1,-1,1,1,1,0.9,-1,-1,-1,-1,1,1,1,1,1,1,-1,-1,-1,-1,-1,0.49
3yrs_1989_1991,1989,1,1,1,1991,12,31,24,1,1,-1,-1,1,1,-1,-1,-1,-1,-1,-1,-1,-1,1,1,1,0.9,-1,-1,-1,-1,1,1,1,1,1,1,-1,-1,-1,-1,-1,0.49
3yrs_1992_1994,1992,1,1,1,1994,12,31,24,1,1,-1,-1,1,1,-1,-1,-1,-1,-1,-1,-1,-1,1,1,1,0.9,-1,-1,-1,-1,1,1,1,1,1,1,-1,-1,-1,-1,-1,0.49
3yrs_1995_1997,1995,1,1,1,1997,12,31,24,1,1,-1,-1,1,1,-1,-1,-1,-1,-1,-1,-1,-1,1,1,1,0.9,-1,-1,-1,-1,1,1,1,1,1,1,-1,-1,-1,-1,-1,0.49
3yrs_1998_2000,1998,1,1,1,2000,12,31,24,1,1,-1,-1,1,1,-1,-1,-1,-1,-1,-1,-1,-1,1,1,1,0.9,-1,-1,-1,-1,1,1,1,1,1,1,-1,-1,-1,-1,-1,0.49
3yrs_2001_2003,2001,1,1,1,2003,12,31,24,1,1,-1,-1,1,1,-1,-1,-1,-1,-1,-1,-1,-1,1,1,1,0.9,-1,-1,-1,-1,1,1,1,1,1,1,-1,-1,-1,-1,-1,0.49
3yrs_2004_2006,2004,1,1,1,2006,12,31,24,1,1,-1,-1,1,1,-1,-1,-1,-1,-1,-1,-1,-1,1,1,1,0.9,-1,-1,-1,-1,1,1,1,1,1,1,-1,-1,-1,-1,-1,0.49
3yrs_2007_2009,2007,1,1,1,2009,12,31,24,1,1,-1,-1,1,1,-1,-1,-1,-1,-1,-1,-1,-1,1,1,1,0.9,-1,-1,-1,-1,1,1,1,1,1,1,-1,-1,-1,-1,-1,0.49
3yrs_2010_2012,2010,1,1,1,2012,12,31,24,1,1,-1,-1,1,1,-1,-1,-1,-1,-1,-1,-1,-1,1,1,1,0.9,-1,-1,-1,-1,1,1,1,1,1,1,-1,-1,-1,-1,-1,0.49
3yrs_2013_2015,2013,1,1,1,2015,12,31,24,1,1,-1,-1,1,1,-1,-1,-1,-1,-1,-1,-1,-1,1,1,1,0.9,-1,-1,-1,-1,1,1,1,1,1,1,-1,-1,-1,-1,-1,0.49
3yrs_2016_2018,2016,1,1,1,2018,12,31,24,1,1,-1,-1,1,1,-1,-1,-1,-1,-1,-1,-1,-1,1,1,1,0.9,-1,-1,-1,-1,1,1,1,1,1,1,-1,-1,-1,-1,-1,0.49
,,,,,,,,,,,,,,,,,,,,,,,,,,,,,,,,,,,,,,,,,,
4yrs_1980_1983,1980,1,1,1,1983,12,31,24,1,1,-1,-1,1,1,-1,-1,-1,-1,-1,-1,-1,-1,1,1,1,0.9,-1,-1,-1,-1,1,1,1,1,1,1,-1,-1,-1,-1,-1,0.49
4yrs_1984_1987,1984,1,1,1,1987,12,31,24,1,1,-1,-1,1,1,-1,-1,-1,-1,-1,-1,-1,-1,1,1,1,0.9,-1,-1,-1,-1,1,1,1,1,1,1,-1,-1,-1,-1,-1,0.49
4yrs_1988_1991,1988,1,1,1,1991,12,31,24,1,1,-1,-1,1,1,-1,-1,-1,-1,-1,-1,-1,-1,1,1,1,0.9,-1,-1,-1,-1,1,1,1,1,1,1,-1,-1,-1,-1,-1,0.49
4yrs_1992_1995,1992,1,1,1,1995,12,31,24,1,1,-1,-1,1,1,-1,-1,-1,-1,-1,-1,-1,-1,1,1,1,0.9,-1,-1,-1,-1,1,1,1,1,1,1,-1,-1,-1,-1,-1,0.49
4yrs_1996_1999,1996,1,1,1,1999,12,31,24,1,1,-1,-1,1,1,-1,-1,-1,-1,-1,-1,-1,-1,1,1,1,0.9,-1,-1,-1,-1,1,1,1,1,1,1,-1,-1,-1,-1,-1,0.49
4yrs_2000_2003,2000,1,1,1,2003,12,31,24,1,1,-1,-1,1,1,-1,-1,-1,-1,-1,-1,-1,-1,1,1,1,0.9,-1,-1,-1,-1,1,1,1,1,1,1,-1,-1,-1,-1,-1,0.49
4yrs_2004_2007,2004,1,1,1,2007,12,31,24,1,1,-1,-1,1,1,-1,-1,-1,-1,-1,-1,-1,-1,1,1,1,0.9,-1,-1,-1,-1,1,1,1,1,1,1,-1,-1,-1,-1,-1,0.49
4yrs_2008_2011,2008,1,1,1,2011,12,31,24,1,1,-1,-1,1,1,-1,-1,-1,-1,-1,-1,-1,-1,1,1,1,0.9,-1,-1,-1,-1,1,1,1,1,1,1,-1,-1,-1,-1,-1,0.49
4yrs_2012_2015,2012,1,1,1,2015,12,31,24,1,1,-1,-1,1,1,-1,-1,-1,-1,-1,-1,-1,-1,1,1,1,0.9,-1,-1,-1,-1,1,1,1,1,1,1,-1,-1,-1,-1,-1,0.49
,,,,,,,,,,,,,,,,,,,,,,,,,,,,,,,,,,,,,,,,,,
5yrs_1980_1984,1980,1,1,1,1984,12,31,24,1,1,-1,-1,1,1,-1,-1,-1,-1,-1,-1,-1,-1,1,1,1,0.9,-1,-1,-1,-1,1,1,1,1,1,1,-1,-1,-1,-1,-1,0.49
5yrs_1985_1989,1985,1,1,1,1989,12,31,24,1,1,-1,-1,1,1,-1,-1,-1,-1,-1,-1,-1,-1,1,1,1,0.9,-1,-1,-1,-1,1,1,1,1,1,1,-1,-1,-1,-1,-1,0.49
5yrs_1990_1994,1990,1,1,1,1994,12,31,24,1,1,-1,-1,1,1,-1,-1,-1,-1,-1,-1,-1,-1,1,1,1,0.9,-1,-1,-1,-1,1,1,1,1,1,1,-1,-1,-1,-1,-1,0.49
5yrs_1995_1999,1995,1,1,1,1999,12,31,24,1,1,-1,-1,1,1,-1,-1,-1,-1,-1,-1,-1,-1,1,1,1,0.9,-1,-1,-1,-1,1,1,1,1,1,1,-1,-1,-1,-1,-1,0.49
5yrs_2000_2004,2000,1,1,1,2004,12,31,24,1,1,-1,-1,1,1,-1,-1,-1,-1,-1,-1,-1,-1,1,1,1,0.9,-1,-1,-1,-1,1,1,1,1,1,1,-1,-1,-1,-1,-1,0.49
5yrs_2005_2009,2005,1,1,1,2009,12,31,24,1,1,-1,-1,1,1,-1,-1,-1,-1,-1,-1,-1,-1,1,1,1,0.9,-1,-1,-1,-1,1,1,1,1,1,1,-1,-1,-1,-1,-1,0.49
5yrs_2010_2014,2010,1,1,1,2014,12,31,24,1,1,-1,-1,1,1,-1,-1,-1,-1,-1,-1,-1,-1,1,1,1,0.9,-1,-1,-1,-1,1,1,1,1,1,1,-1,-1,-1,-1,-1,0.49
,,,,,,,,,,,,,,,,,,,,,,,,,,,,,,,,,,,,,,,,,,
6yrs_1980_1985,1980,1,1,1,1985,12,31,24,1,1,-1,-1,1,1,-1,-1,-1,-1,-1,-1,-1,-1,1,1,1,0.9,-1,-1,-1,-1,1,1,1,1,1,1,-1,-1,-1,-1,-1,0.49
6yrs_1986_1991,1986,1,1,1,1991,12,31,24,1,1,-1,-1,1,1,-1,-1,-1,-1,-1,-1,-1,-1,1,1,1,0.9,-1,-1,-1,-1,1,1,1,1,1,1,-1,-1,-1,-1,-1,0.49
6yrs_1992_1997,1992,1,1,1,1997,12,31,24,1,1,-1,-1,1,1,-1,-1,-1,-1,-1,-1,-1,-1,1,1,1,0.9,-1,-1,-1,-1,1,1,1,1,1,1,-1,-1,-1,-1,-1,0.49
6yrs_1998_2003,1998,1,1,1,2003,12,31,24,1,1,-1,-1,1,1,-1,-1,-1,-1,-1,-1,-1,-1,1,1,1,0.9,-1,-1,-1,-1,1,1,1,1,1,1,-1,-1,-1,-1,-1,0.49
6yrs_2004_2009,2004,1,1,1,2009,12,31,24,1,1,-1,-1,1,1,-1,-1,-1,-1,-1,-1,-1,-1,1,1,1,0.9,-1,-1,-1,-1,1,1,1,1,1,1,-1,-1,-1,-1,-1,0.49
6yrs_2010_2015,2010,1,1,1,2015,12,31,24,1,1,-1,-1,1,1,-1,-1,-1,-1,-1,-1,-1,-1,1,1,1,0.9,-1,-1,-1,-1,1,1,1,1,1,1,-1,-1,-1,-1,-1,0.49
,,,,,,,,,,,,,,,,,,,,,,,,,,,,,,,,,,,,,,,,,,
1yrs_1980_1980,1980,1,1,1,1980,12,31,24,1,1,-1,-1,1,1,-1,-1,-1,-1,-1,-1,-1,-1,1,1,1,0.9,-1,-1,-1,-1,1,1,1,1,1,1,-1,-1,-1,-1,-1,
1yrs_1981_1981,1981,1,1,1,1981,12,31,24,1,1,-1,-1,1,1,-1,-1,-1,-1,-1,-1,-1,-1,1,1,1,0.9,-1,-1,-1,-1,1,1,1,1,1,1,-1,-1,-1,-1,-1,
1yrs_1982_1982,1982,1,1,1,1982,12,31,24,1,1,-1,-1,1,1,-1,-1,-1,-1,-1,-1,-1,-1,1,1,1,0.9,-1,-1,-1,-1,1,1,1,1,1,1,-1,-1,-1,-1,-1,
1yrs_1983_1983,1983,1,1,1,1983,12,31,24,1,1,-1,-1,1,1,-1,-1,-1,-1,-1,-1,-1,-1,1,1,1,0.9,-1,-1,-1,-1,1,1,1,1,1,1,-1,-1,-1,-1,-1,
1yrs_1984_1984,1984,1,1,1,1984,12,31,24,1,1,-1,-1,1,1,-1,-1,-1,-1,-1,-1,-1,-1,1,1,1,0.9,-1,-1,-1,-1,1,1,1,1,1,1,-1,-1,-1,-1,-1,
1yrs_1985_1985,1985,1,1,1,1985,12,31,24,1,1,-1,-1,1,1,-1,-1,-1,-1,-1,-1,-1,-1,1,1,1,0.9,-1,-1,-1,-1,1,1,1,1,1,1,-1,-1,-1,-1,-1,
1yrs_1986_1986,1986,1,1,1,1986,12,31,24,1,1,-1,-1,1,1,-1,-1,-1,-1,-1,-1,-1,-1,1,1,1,0.9,-1,-1,-1,-1,1,1,1,1,1,1,-1,-1,-1,-1,-1,
1yrs_1987_1987,1987,1,1,1,1987,12,31,24,1,1,-1,-1,1,1,-1,-1,-1,-1,-1,-1,-1,-1,1,1,1,0.9,-1,-1,-1,-1,1,1,1,1,1,1,-1,-1,-1,-1,-1,
1yrs_1988_1988,1988,1,1,1,1988,12,31,24,1,1,-1,-1,1,1,-1,-1,-1,-1,-1,-1,-1,-1,1,1,1,0.9,-1,-1,-1,-1,1,1,1,1,1,1,-1,-1,-1,-1,-1,
1yrs_1989_1989,1989,1,1,1,1989,12,31,24,1,1,-1,-1,1,1,-1,-1,-1,-1,-1,-1,-1,-1,1,1,1,0.9,-1,-1,-1,-1,1,1,1,1,1,1,-1,-1,-1,-1,-1,
1yrs_1990_1990,1990,1,1,1,1990,12,31,24,1,1,-1,-1,1,1,-1,-1,-1,-1,-1,-1,-1,-1,1,1,1,0.9,-1,-1,-1,-1,1,1,1,1,1,1,-1,-1,-1,-1,-1,
1yrs_1991_1991,1991,1,1,1,1991,12,31,24,1,1,-1,-1,1,1,-1,-1,-1,-1,-1,-1,-1,-1,1,1,1,0.9,-1,-1,-1,-1,1,1,1,1,1,1,-1,-1,-1,-1,-1,
1yrs_1992_1992,1992,1,1,1,1992,12,31,24,1,1,-1,-1,1,1,-1,-1,-1,-1,-1,-1,-1,-1,1,1,1,0.9,-1,-1,-1,-1,1,1,1,1,1,1,-1,-1,-1,-1,-1,
1yrs_1993_1993,1993,1,1,1,1993,12,31,24,1,1,-1,-1,1,1,-1,-1,-1,-1,-1,-1,-1,-1,1,1,1,0.9,-1,-1,-1,-1,1,1,1,1,1,1,-1,-1,-1,-1,-1,
1yrs_1994_1994,1994,1,1,1,1994,12,31,24,1,1,-1,-1,1,1,-1,-1,-1,-1,-1,-1,-1,-1,1,1,1,0.9,-1,-1,-1,-1,1,1,1,1,1,1,-1,-1,-1,-1,-1,
1yrs_1995_1995,1995,1,1,1,1995,12,31,24,1,1,-1,-1,1,1,-1,-1,-1,-1,-1,-1,-1,-1,1,1,1,0.9,-1,-1,-1,-1,1,1,1,1,1,1,-1,-1,-1,-1,-1,
1yrs_1996_1996,1996,1,1,1,1996,12,31,24,1,1,-1,-1,1,1,-1,-1,-1,-1,-1,-1,-1,-1,1,1,1,0.9,-1,-1,-1,-1,1,1,1,1,1,1,-1,-1,-1,-1,-1,
1yrs_1997_1997,1997,1,1,1,1997,12,31,24,1,1,-1,-1,1,1,-1,-1,-1,-1,-1,-1,-1,-1,1,1,1,0.9,-1,-1,-1,-1,1,1,1,1,1,1,-1,-1,-1,-1,-1,
1yrs_1998_1998,1998,1,1,1,1998,12,31,24,1,1,-1,-1,1,1,-1,-1,-1,-1,-1,-1,-1,-1,1,1,1,0.9,-1,-1,-1,-1,1,1,1,1,1,1,-1,-1,-1,-1,-1,
1yrs_1999_1999,1999,1,1,1,1999,12,31,24,1,1,-1,-1,1,1,-1,-1,-1,-1,-1,-1,-1,-1,1,1,1,0.9,-1,-1,-1,-1,1,1,1,1,1,1,-1,-1,-1,-1,-1,
1yrs_2000_2000,2000,1,1,1,2000,12,31,24,1,1,-1,-1,1,1,-1,-1,-1,-1,-1,-1,-1,-1,1,1,1,0.9,-1,-1,-1,-1,1,1,1,1,1,1,-1,-1,-1,-1,-1,
1yrs_2001_2001,2001,1,1,1,2001,12,31,24,1,1,-1,-1,1,1,-1,-1,-1,-1,-1,-1,-1,-1,1,1,1,0.9,-1,-1,-1,-1,1,1,1,1,1,1,-1,-1,-1,-1,-1,
1yrs_2002_2002,2002,1,1,1,2002,12,31,24,1,1,-1,-1,1,1,-1,-1,-1,-1,-1,-1,-1,-1,1,1,1,0.9,-1,-1,-1,-1,1,1,1,1,1,1,-1,-1,-1,-1,-1,
1yrs_2003_2003,2003,1,1,1,2003,12,31,24,1,1,-1,-1,1,1,-1,-1,-1,-1,-1,-1,-1,-1,1,1,1,0.9,-1,-1,-1,-1,1,1,1,1,1,1,-1,-1,-1,-1,-1,
1yrs_2004_2004,2004,1,1,1,2004,12,31,24,1,1,-1,-1,1,1,-1,-1,-1,-1,-1,-1,-1,-1,1,1,1,0.9,-1,-1,-1,-1,1,1,1,1,1,1,-1,-1,-1,-1,-1,
1yrs_2005_2005,2005,1,1,1,2005,12,31,24,1,1,-1,-1,1,1,-1,-1,-1,-1,-1,-1,-1,-1,1,1,1,0.9,-1,-1,-1,-1,1,1,1,1,1,1,-1,-1,-1,-1,-1,
1yrs_2006_2006,2006,1,1,1,2006,12,31,24,1,1,-1,-1,1,1,-1,-1,-1,-1,-1,-1,-1,-1,1,1,1,0.9,-1,-1,-1,-1,1,1,1,1,1,1,-1,-1,-1,-1,-1,
1yrs_2007_2007,2007,1,1,1,2007,12,31,24,1,1,-1,-1,1,1,-1,-1,-1,-1,-1,-1,-1,-1,1,1,1,0.9,-1,-1,-1,-1,1,1,1,1,1,1,-1,-1,-1,-1,-1,
1yrs_2008_2008,2008,1,1,1,2008,12,31,24,1,1,-1,-1,1,1,-1,-1,-1,-1,-1,-1,-1,-1,1,1,1,0.9,-1,-1,-1,-1,1,1,1,1,1,1,-1,-1,-1,-1,-1,
1yrs_2009_2009,2009,1,1,1,2009,12,31,24,1,1,-1,-1,1,1,-1,-1,-1,-1,-1,-1,-1,-1,1,1,1,0.9,-1,-1,-1,-1,1,1,1,1,1,1,-1,-1,-1,-1,-1,
1yrs_2010_2010,2010,1,1,1,2010,12,31,24,1,1,-1,-1,1,1,-1,-1,-1,-1,-1,-1,-1,-1,1,1,1,0.9,-1,-1,-1,-1,1,1,1,1,1,1,-1,-1,-1,-1,-1,
1yrs_2011_2011,2011,1,1,1,2011,12,31,24,1,1,-1,-1,1,1,-1,-1,-1,-1,-1,-1,-1,-1,1,1,1,0.9,-1,-1,-1,-1,1,1,1,1,1,1,-1,-1,-1,-1,-1,
1yrs_2012_2012,2012,1,1,1,2012,12,31,24,1,1,-1,-1,1,1,-1,-1,-1,-1,-1,-1,-1,-1,1,1,1,0.9,-1,-1,-1,-1,1,1,1,1,1,1,-1,-1,-1,-1,-1,
1yrs_2013_2013,2013,1,1,1,2013,12,31,24,1,1,-1,-1,1,1,-1,-1,-1,-1,-1,-1,-1,-1,1,1,1,0.9,-1,-1,-1,-1,1,1,1,1,1,1,-1,-1,-1,-1,-1,
1yrs_2014_2014,2014,1,1,1,2014,12,31,24,1,1,-1,-1,1,1,-1,-1,-1,-1,-1,-1,-1,-1,1,1,1,0.9,-1,-1,-1,-1,1,1,1,1,1,1,-1,-1,-1,-1,-1,
1yrs_2015_2015,2015,1,1,1,2015,12,31,24,1,1,-1,-1,1,1,-1,-1,-1,-1,-1,-1,-1,-1,1,1,1,0.9,-1,-1,-1,-1,1,1,1,1,1,1,-1,-1,-1,-1,-1,
1yrs_2016_2016,2016,1,1,1,2016,12,31,24,1,1,-1,-1,1,1,-1,-1,-1,-1,-1,-1,-1,-1,1,1,1,0.9,-1,-1,-1,-1,1,1,1,1,1,1,-1,-1,-1,-1,-1,
1yrs_2017_2017,2017,1,1,1,2017,12,31,24,1,1,-1,-1,1,1,-1,-1,-1,-1,-1,-1,-1,-1,1,1,1,0.9,-1,-1,-1,-1,1,1,1,1,1,1,-1,-1,-1,-1,-1,
1yrs_2018_2018,2018,1,1,1,2018,12,31,24,1,1,-1,-1,1,1,-1,-1,-1,-1,-1,-1,-1,-1,1,1,1,0.9,-1,-1,-1,-1,1,1,1,1,1,1,-1,-1,-1,-1,-1,
,,,,,,,,,,,,,,,,,,,,,,,,,,,,,,,,,,,,,,,,,,
2yrs_1980_1981,1980,1,1,1,1981,12,31,24,1,1,-1,-1,1,1,-1,-1,-1,-1,-1,-1,-1,-1,1,1,1,0.9,-1,-1,-1,-1,1,1,1,1,1,1,-1,-1,-1,-1,-1,
2yrs_1982_1983,1982,1,1,1,1983,12,31,24,1,1,-1,-1,1,1,-1,-1,-1,-1,-1,-1,-1,-1,1,1,1,0.9,-1,-1,-1,-1,1,1,1,1,1,1,-1,-1,-1,-1,-1,
2yrs_1984_1985,1984,1,1,1,1985,12,31,24,1,1,-1,-1,1,1,-1,-1,-1,-1,-1,-1,-1,-1,1,1,1,0.9,-1,-1,-1,-1,1,1,1,1,1,1,-1,-1,-1,-1,-1,
2yrs_1986_1987,1986,1,1,1,1987,12,31,24,1,1,-1,-1,1,1,-1,-1,-1,-1,-1,-1,-1,-1,1,1,1,0.9,-1,-1,-1,-1,1,1,1,1,1,1,-1,-1,-1,-1,-1,
2yrs_1988_1989,1988,1,1,1,1989,12,31,24,1,1,-1,-1,1,1,-1,-1,-1,-1,-1,-1,-1,-1,1,1,1,0.9,-1,-1,-1,-1,1,1,1,1,1,1,-1,-1,-1,-1,-1,
2yrs_1990_1991,1990,1,1,1,1991,12,31,24,1,1,-1,-1,1,1,-1,-1,-1,-1,-1,-1,-1,-1,1,1,1,0.9,-1,-1,-1,-1,1,1,1,1,1,1,-1,-1,-1,-1,-1,
2yrs_1992_1993,1992,1,1,1,1993,12,31,24,1,1,-1,-1,1,1,-1,-1,-1,-1,-1,-1,-1,-1,1,1,1,0.9,-1,-1,-1,-1,1,1,1,1,1,1,-1,-1,-1,-1,-1,
2yrs_1994_1995,1994,1,1,1,1995,12,31,24,1,1,-1,-1,1,1,-1,-1,-1,-1,-1,-1,-1,-1,1,1,1,0.9,-1,-1,-1,-1,1,1,1,1,1,1,-1,-1,-1,-1,-1,
2yrs_1996_1997,1996,1,1,1,1997,12,31,24,1,1,-1,-1,1,1,-1,-1,-1,-1,-1,-1,-1,-1,1,1,1,0.9,-1,-1,-1,-1,1,1,1,1,1,1,-1,-1,-1,-1,-1,
2yrs_1998_1999,1998,1,1,1,1999,12,31,24,1,1,-1,-1,1,1,-1,-1,-1,-1,-1,-1,-1,-1,1,1,1,0.9,-1,-1,-1,-1,1,1,1,1,1,1,-1,-1,-1,-1,-1,
2yrs_2000_2001,2000,1,1,1,2001,12,31,24,1,1,-1,-1,1,1,-1,-1,-1,-1,-1,-1,-1,-1,1,1,1,0.9,-1,-1,-1,-1,1,1,1,1,1,1,-1,-1,-1,-1,-1,
2yrs_2002_2003,2002,1,1,1,2003,12,31,24,1,1,-1,-1,1,1,-1,-1,-1,-1,-1,-1,-1,-1,1,1,1,0.9,-1,-1,-1,-1,1,1,1,1,1,1,-1,-1,-1,-1,-1,
2yrs_2004_2005,2004,1,1,1,2005,12,31,24,1,1,-1,-1,1,1,-1,-1,-1,-1,-1,-1,-1,-1,1,1,1,0.9,-1,-1,-1,-1,1,1,1,1,1,1,-1,-1,-1,-1,-1,
2yrs_2006_2007,2006,1,1,1,2007,12,31,24,1,1,-1,-1,1,1,-1,-1,-1,-1,-1,-1,-1,-1,1,1,1,0.9,-1,-1,-1,-1,1,1,1,1,1,1,-1,-1,-1,-1,-1,
2yrs_2008_2009,2008,1,1,1,2009,12,31,24,1,1,-1,-1,1,1,-1,-1,-1,-1,-1,-1,-1,-1,1,1,1,0.9,-1,-1,-1,-1,1,1,1,1,1,1,-1,-1,-1,-1,-1,
2yrs_2010_2011,2010,1,1,1,2011,12,31,24,1,1,-1,-1,1,1,-1,-1,-1,-1,-1,-1,-1,-1,1,1,1,0.9,-1,-1,-1,-1,1,1,1,1,1,1,-1,-1,-1,-1,-1,
2yrs_2012_2013,2012,1,1,1,2013,12,31,24,1,1,-1,-1,1,1,-1,-1,-1,-1,-1,-1,-1,-1,1,1,1,0.9,-1,-1,-1,-1,1,1,1,1,1,1,-1,-1,-1,-1,-1,
2yrs_2014_2015,2014,1,1,1,2015,12,31,24,1,1,-1,-1,1,1,-1,-1,-1,-1,-1,-1,-1,-1,1,1,1,0.9,-1,-1,-1,-1,1,1,1,1,1,1,-1,-1,-1,-1,-1,
2yrs_2016_2017,2016,1,1,1,2017,12,31,24,1,1,-1,-1,1,1,-1,-1,-1,-1,-1,-1,-1,-1,1,1,1,0.9,-1,-1,-1,-1,1,1,1,1,1,1,-1,-1,-1,-1,-1,
,,,,,,,,,,,,,,,,,,,,,,,,,,,,,,,,,,,,,,,,,,
3yrs_1980_1982,1980,1,1,1,1982,12,31,24,1,1,-1,-1,1,1,-1,-1,-1,-1,-1,-1,-1,-1,1,1,1,0.9,-1,-1,-1,-1,1,1,1,1,1,1,-1,-1,-1,-1,-1,
3yrs_1983_1985,1983,1,1,1,1985,12,31,24,1,1,-1,-1,1,1,-1,-1,-1,-1,-1,-1,-1,-1,1,1,1,0.9,-1,-1,-1,-1,1,1,1,1,1,1,-1,-1,-1,-1,-1,
3yrs_1986_1988,1986,1,1,1,1988,12,31,24,1,1,-1,-1,1,1,-1,-1,-1,-1,-1,-1,-1,-1,1,1,1,0.9,-1,-1,-1,-1,1,1,1,1,1,1,-1,-1,-1,-1,-1,
3yrs_1989_1991,1989,1,1,1,1991,12,31,24,1,1,-1,-1,1,1,-1,-1,-1,-1,-1,-1,-1,-1,1,1,1,0.9,-1,-1,-1,-1,1,1,1,1,1,1,-1,-1,-1,-1,-1,
3yrs_1992_1994,1992,1,1,1,1994,12,31,24,1,1,-1,-1,1,1,-1,-1,-1,-1,-1,-1,-1,-1,1,1,1,0.9,-1,-1,-1,-1,1,1,1,1,1,1,-1,-1,-1,-1,-1,
3yrs_1995_1997,1995,1,1,1,1997,12,31,24,1,1,-1,-1,1,1,-1,-1,-1,-1,-1,-1,-1,-1,1,1,1,0.9,-1,-1,-1,-1,1,1,1,1,1,1,-1,-1,-1,-1,-1,
3yrs_1998_2000,1998,1,1,1,2000,12,31,24,1,1,-1,-1,1,1,-1,-1,-1,-1,-1,-1,-1,-1,1,1,1,0.9,-1,-1,-1,-1,1,1,1,1,1,1,-1,-1,-1,-1,-1,
3yrs_2001_2003,2001,1,1,1,2003,12,31,24,1,1,-1,-1,1,1,-1,-1,-1,-1,-1,-1,-1,-1,1,1,1,0.9,-1,-1,-1,-1,1,1,1,1,1,1,-1,-1,-1,-1,-1,
3yrs_2004_2006,2004,1,1,1,2006,12,31,24,1,1,-1,-1,1,1,-1,-1,-1,-1,-1,-1,-1,-1,1,1,1,0.9,-1,-1,-1,-1,1,1,1,1,1,1,-1,-1,-1,-1,-1,
3yrs_2007_2009,2007,1,1,1,2009,12,31,24,1,1,-1,-1,1,1,-1,-1,-1,-1,-1,-1,-1,-1,1,1,1,0.9,-1,-1,-1,-1,1,1,1,1,1,1,-1,-1,-1,-1,-1,
3yrs_2010_2012,2010,1,1,1,2012,12,31,24,1,1,-1,-1,1,1,-1,-1,-1,-1,-1,-1,-1,-1,1,1,1,0.9,-1,-1,-1,-1,1,1,1,1,1,1,-1,-1,-1,-1,-1,
3yrs_2013_2015,2013,1,1,1,2015,12,31,24,1,1,-1,-1,1,1,-1,-1,-1,-1,-1,-1,-1,-1,1,1,1,0.9,-1,-1,-1,-1,1,1,1,1,1,1,-1,-1,-1,-1,-1,
3yrs_2016_2018,2016,1,1,1,2018,12,31,24,1,1,-1,-1,1,1,-1,-1,-1,-1,-1,-1,-1,-1,1,1,1,0.9,-1,-1,-1,-1,1,1,1,1,1,1,-1,-1,-1,-1,-1,
,,,,,,,,,,,,,,,,,,,,,,,,,,,,,,,,,,,,,,,,,,
4yrs_1980_1983,1980,1,1,1,1983,12,31,24,1,1,-1,-1,1,1,-1,-1,-1,-1,-1,-1,-1,-1,1,1,1,0.9,-1,-1,-1,-1,1,1,1,1,1,1,-1,-1,-1,-1,-1,
4yrs_1984_1987,1984,1,1,1,1987,12,31,24,1,1,-1,-1,1,1,-1,-1,-1,-1,-1,-1,-1,-1,1,1,1,0.9,-1,-1,-1,-1,1,1,1,1,1,1,-1,-1,-1,-1,-1,
4yrs_1988_1991,1988,1,1,1,1991,12,31,24,1,1,-1,-1,1,1,-1,-1,-1,-1,-1,-1,-1,-1,1,1,1,0.9,-1,-1,-1,-1,1,1,1,1,1,1,-1,-1,-1,-1,-1,
4yrs_1992_1995,1992,1,1,1,1995,12,31,24,1,1,-1,-1,1,1,-1,-1,-1,-1,-1,-1,-1,-1,1,1,1,0.9,-1,-1,-1,-1,1,1,1,1,1,1,-1,-1,-1,-1,-1,
4yrs_1996_1999,1996,1,1,1,1999,12,31,24,1,1,-1,-1,1,1,-1,-1,-1,-1,-1,-1,-1,-1,1,1,1,0.9,-1,-1,-1,-1,1,1,1,1,1,1,-1,-1,-1,-1,-1,
4yrs_2000_2003,2000,1,1,1,2003,12,31,24,1,1,-1,-1,1,1,-1,-1,-1,-1,-1,-1,-1,-1,1,1,1,0.9,-1,-1,-1,-1,1,1,1,1,1,1,-1,-1,-1,-1,-1,
4yrs_2004_2007,2004,1,1,1,2007,12,31,24,1,1,-1,-1,1,1,-1,-1,-1,-1,-1,-1,-1,-1,1,1,1,0.9,-1,-1,-1,-1,1,1,1,1,1,1,-1,-1,-1,-1,-1,
4yrs_2008_2011,2008,1,1,1,2011,12,31,24,1,1,-1,-1,1,1,-1,-1,-1,-1,-1,-1,-1,-1,1,1,1,0.9,-1,-1,-1,-1,1,1,1,1,1,1,-1,-1,-1,-1,-1,
4yrs_2012_2015,2012,1,1,1,2015,12,31,24,1,1,-1,-1,1,1,-1,-1,-1,-1,-1,-1,-1,-1,1,1,1,0.9,-1,-1,-1,-1,1,1,1,1,1,1,-1,-1,-1,-1,-1,
,,,,,,,,,,,,,,,,,,,,,,,,,,,,,,,,,,,,,,,,,,
5yrs_1980_1984,1980,1,1,1,1984,12,31,24,1,1,-1,-1,1,1,-1,-1,-1,-1,-1,-1,-1,-1,1,1,1,0.9,-1,-1,-1,-1,1,1,1,1,1,1,-1,-1,-1,-1,-1,
5yrs_1985_1989,1985,1,1,1,1989,12,31,24,1,1,-1,-1,1,1,-1,-1,-1,-1,-1,-1,-1,-1,1,1,1,0.9,-1,-1,-1,-1,1,1,1,1,1,1,-1,-1,-1,-1,-1,
5yrs_1990_1994,1990,1,1,1,1994,12,31,24,1,1,-1,-1,1,1,-1,-1,-1,-1,-1,-1,-1,-1,1,1,1,0.9,-1,-1,-1,-1,1,1,1,1,1,1,-1,-1,-1,-1,-1,
5yrs_1995_1999,1995,1,1,1,1999,12,31,24,1,1,-1,-1,1,1,-1,-1,-1,-1,-1,-1,-1,-1,1,1,1,0.9,-1,-1,-1,-1,1,1,1,1,1,1,-1,-1,-1,-1,-1,
5yrs_2000_2004,2000,1,1,1,2004,12,31,24,1,1,-1,-1,1,1,-1,-1,-1,-1,-1,-1,-1,-1,1,1,1,0.9,-1,-1,-1,-1,1,1,1,1,1,1,-1,-1,-1,-1,-1,
5yrs_2005_2009,2005,1,1,1,2009,12,31,24,1,1,-1,-1,1,1,-1,-1,-1,-1,-1,-1,-1,-1,1,1,1,0.9,-1,-1,-1,-1,1,1,1,1,1,1,-1,-1,-1,-1,-1,
5yrs_2010_2014,2010,1,1,1,2014,12,31,24,1,1,-1,-1,1,1,-1,-1,-1,-1,-1,-1,-1,-1,1,1,1,0.9,-1,-1,-1,-1,1,1,1,1,1,1,-1,-1,-1,-1,-1,
,,,,,,,,,,,,,,,,,,,,,,,,,,,,,,,,,,,,,,,,,,
6yrs_1980_1985,1980,1,1,1,1985,12,31,24,1,1,-1,-1,1,1,-1,-1,-1,-1,-1,-1,-1,-1,1,1,1,0.9,-1,-1,-1,-1,1,1,1,1,1,1,-1,-1,-1,-1,-1,
6yrs_1986_1991,1986,1,1,1,1991,12,31,24,1,1,-1,-1,1,1,-1,-1,-1,-1,-1,-1,-1,-1,1,1,1,0.9,-1,-1,-1,-1,1,1,1,1,1,1,-1,-1,-1,-1,-1,
6yrs_1992_1997,1992,1,1,1,1997,12,31,24,1,1,-1,-1,1,1,-1,-1,-1,-1,-1,-1,-1,-1,1,1,1,0.9,-1,-1,-1,-1,1,1,1,1,1,1,-1,-1,-1,-1,-1,
6yrs_1998_2003,1998,1,1,1,2003,12,31,24,1,1,-1,-1,1,1,-1,-1,-1,-1,-1,-1,-1,-1,1,1,1,0.9,-1,-1,-1,-1,1,1,1,1,1,1,-1,-1,-1,-1,-1,
6yrs_2004_2009,2004,1,1,1,2009,12,31,24,1,1,-1,-1,1,1,-1,-1,-1,-1,-1,-1,-1,-1,1,1,1,0.9,-1,-1,-1,-1,1,1,1,1,1,1,-1,-1,-1,-1,-1,
6yrs_2010_2015,2010,1,1,1,2015,12,31,24,1,1,-1,-1,1,1,-1,-1,-1,-1,-1,-1,-1,-1,1,1,1,0.9,-1,-1,-1,-1,1,1,1,1,1,1,-1,-1,-1,-1,-1,
,,,,,,,,,,,,,,,,,,,,,,,,,,,,,,,,,,,,,,,,,,
7yrs_1980_1986,1980,1,1,1,1986,12,31,24,1,1,-1,-1,1,1,-1,-1,-1,-1,-1,-1,-1,-1,1,1,1,0.9,-1,-1,-1,-1,1,1,1,1,1,1,-1,-1,-1,-1,-1,
7yrs_1987_1993,1987,1,1,1,1993,12,31,24,1,1,-1,-1,1,1,-1,-1,-1,-1,-1,-1,-1,-1,1,1,1,0.9,-1,-1,-1,-1,1,1,1,1,1,1,-1,-1,-1,-1,-1,
7yrs_1994_2000,1994,1,1,1,2000,12,31,24,1,1,-1,-1,1,1,-1,-1,-1,-1,-1,-1,-1,-1,1,1,1,0.9,-1,-1,-1,-1,1,1,1,1,1,1,-1,-1,-1,-1,-1,
7yrs_2001_2007,2001,1,1,1,2007,12,31,24,1,1,-1,-1,1,1,-1,-1,-1,-1,-1,-1,-1,-1,1,1,1,0.9,-1,-1,-1,-1,1,1,1,1,1,1,-1,-1,-1,-1,-1,
7yrs_2008_2014,2008,1,1,1,2014,12,31,24,1,1,-1,-1,1,1,-1,-1,-1,-1,-1,-1,-1,-1,1,1,1,0.9,-1,-1,-1,-1,1,1,1,1,1,1,-1,-1,-1,-1,-1,
,,,,,,,,,,,,,,,,,,,,,,,,,,,,,,,,,,,,,,,,,,
8yrs_1980_1987,1980,1,1,1,1987,12,31,24,1,1,-1,-1,1,1,-1,-1,-1,-1,-1,-1,-1,-1,1,1,1,0.9,-1,-1,-1,-1,1,1,1,1,1,1,-1,-1,-1,-1,-1,
8yrs_1988_1994,1988,1,1,1,1994,12,31,24,1,1,-1,-1,1,1,-1,-1,-1,-1,-1,-1,-1,-1,1,1,1,0.9,-1,-1,-1,-1,1,1,1,1,1,1,-1,-1,-1,-1,-1,
8yrs_1996_2002,1996,1,1,1,2002,12,31,24,1,1,-1,-1,1,1,-1,-1,-1,-1,-1,-1,-1,-1,1,1,1,0.9,-1,-1,-1,-1,1,1,1,1,1,1,-1,-1,-1,-1,-1,
8yrs_2004_2010,2004,1,1,1,2010,12,31,24,1,1,-1,-1,1,1,-1,-1,-1,-1,-1,-1,-1,-1,1,1,1,0.9,-1,-1,-1,-1,1,1,1,1,1,1,-1,-1,-1,-1,-1,
8yrs_2012_2018,2012,1,1,1,2018,12,31,24,1,1,-1,-1,1,1,-1,-1,-1,-1,-1,-1,-1,-1,1,1,1,0.9,-1,-1,-1,-1,1,1,1,1,1,1,-1,-1,-1,-1,-1,
,,,,,,,,,,,,,,,,,,,,,,,,,,,,,,,,,,,,,,,,,,
9yrs_1980_1988,1980,1,1,1,1988,12,31,24,1,1,-1,-1,1,1,-1,-1,-1,-1,-1,-1,-1,-1,1,1,1,0.9,-1,-1,-1,-1,1,1,1,1,1,1,-1,-1,-1,-1,-1,
9yrs_1989_1997,1989,1,1,1,1997,12,31,24,1,1,-1,-1,1,1,-1,-1,-1,-1,-1,-1,-1,-1,1,1,1,0.9,-1,-1,-1,-1,1,1,1,1,1,1,-1,-1,-1,-1,-1,
9yrs_1998_2006,1998,1,1,1,2006,12,31,24,1,1,-1,-1,1,1,-1,-1,-1,-1,-1,-1,-1,-1,1,1,1,0.9,-1,-1,-1,-1,1,1,1,1,1,1,-1,-1,-1,-1,-1,
9yrs_2007_2015,2007,1,1,1,2015,12,31,24,1,1,-1,-1,1,1,-1,-1,-1,-1,-1,-1,-1,-1,1,1,1,0.9,-1,-1,-1,-1,1,1,1,1,1,1,-1,-1,-1,-1,-1,
,,,,,,,,,,,,,,,,,,,,,,,,,,,,,,,,,,,,,,,,,,
10yrs_1980_1989,1980,1,1,1,1989,12,31,24,1,1,-1,-1,1,1,-1,-1,-1,-1,-1,-1,-1,-1,1,1,1,0.9,-1,-1,-1,-1,1,1,1,1,1,1,-1,-1,-1,-1,-1,
10yrs_1990_1999,1990,1,1,1,1999,12,31,24,1,1,-1,-1,1,1,-1,-1,-1,-1,-1,-1,-1,-1,1,1,1,0.9,-1,-1,-1,-1,1,1,1,1,1,1,-1,-1,-1,-1,-1,
10yrs_2000_2009,2000,1,1,1,2009,12,31,24,1,1,-1,-1,1,1,-1,-1,-1,-1,-1,-1,-1,-1,1,1,1,0.9,-1,-1,-1,-1,1,1,1,1,1,1,-1,-1,-1,-1,-1,
,,,,,,,,,,,,,,,,,,,,,,,,,,,,,,,,,,,,,,,,,,
,,,,,,,,,,,,,,,,,,,,,,,,,,,,,,,,,,,,,,,,,,
,,,,,,,,,,,,,,,,,,,,,,,,,,,,,,,,,,,,,,,,,,
,,,,,,,,,,,,,,,,,,,,,,,,,,,,,,,,,,,,,,,,,,
,,,,,,,,,,,,,,,,,,,,,,,,,,,,,,,,,,,,,,,,,,
,,,,,,,,,,,,,,,,,,,,,,,,,,,,,,,,,,,,,,,,,,
,,,,,,,,,,,,,,,,,,,,,,,,,,,,,,,,,,,,,,,,,,
"More detailed calculations of PGP costs are in the following google spreadsheet: (Members with the link can view, not edit)",,,,,,,,,,,,,,,,,,,,,,,,,,,,,,,,,,,,,,,,,,
https://docs.google.com/spreadsheets/d/1nkxfnNio1n9z3v9XUoycq2MGktgC8YW2voSn7xSytG0/edit?usp=sharing,,,,,,,,,,,,,,,,,,,,,,,,,,,,,,,,,,,,,,,,,,
,,,Comments,For storage only: Size (in usable kg H2),Comments,"Size (Power rating (kW), or energy rating (kWh))",Comments,"Fixed cost ($/kW for converison, $/kWh for storage)",Reference: Cost and size comments,Lifetime (yrs) (n),Reference: Lifetime,Efficiency,Reference: Efficiency,Discount Rate (i),Capital Recovery Factor (i*(1+i)^n) / ((1+i)^n -1),Levelized Fixed Cost Cacluation,,,,,,,,,,,,,,,,,,,,,,,,,,
,SEM fixed cost input value. ($/hr)/kWh for storage. ($/hr)/kW for conversion.,Fixed capital cost ($),,,,,,,,,,,,,,,,,,,,,,,,,,,,,,,,,,,,,,,,
To PGP power conversion,,,"Capital costs including O&M costs like labor PEM spreadsheet, tab ""Capital costs"", cell F36",NA,NA,"113,125","Capital costs including O&M costs like labor PEM spreadsheet, tab ""Capital costs"", cell C41","1,045",Current Central Hydrogen Production from Grid PEM Electrolysis V3 2018,10,Schmit 2017,70%,"Current Central Hydrogen Production from Grid PEM Electrolysis V3 2018 tab ""Process Flow"" cell G12",0.07,0.1424,0.016979425,,,,,,,,,,,,,,,,,,,,,,,,,,
Electrolyzer (PEM) alone,1.70E-02,"118,258,606","H2A spreadsheet tab ""Gaseous H2 Geologic Storage"" cell C182",NA,NA,"1,487","H2A spreadsheet tab ""Gaseous H2 Geologic Storage"" cell B182",1392.2,Hydrogen Delivery Scenario Model (HDSAM) V 3.1,15,"H2A spreadsheet tab ""Gaseous H2 Geologic Storage"" cell B160",100%,Assume no hydrogen leaks during compression.,0.07,0.1098,0.01743803,,,,,,,,,,,,,,,,,,,,,,,,,,
Compressor (Isentropic receprocating) alone,1.74E-02,"2,070,236",NA,NA,NA,NA,NA,"1,058",This is the combined electrolyzer + compressor cost put in terms/units of the electrolyzer cost. (See calculation below).,NA,Apply discount rate/lifetime to each first before adding them together.,NA,NA,0.07,,0.017139596,This is the combined electrolyzer + compressor cost put in terms/units of the electrolyzer cost. (See calculation below).,,,,,,,,,,,,,,,,,,,,,,,,,
"Electrolyzer + Compressor (We will input this for ""To PGP"")",1.71E-02,NA,,,,,,,,,,,,,,,,,,,,,,,,,,,,,,,,,,,,,,,,
,,,,,,,,,,,,,,,,,,,,,,,,,,,,,,,,,,,,,,,,,,
,,,,,,,,,,,,,,,,,,,,,,,,,,,,,,,,,,,,,,,,,,
Calculation: Electrolyzer + Compressor combined fixed cost,,,Ref,,,,,,,,,,,,,,,,,,,,,,,,,,,,,,,,,,,,,,,
,Value,Units,,,,,,,,,,,,,,,,,,,,,,,,,,,,,,,,,,,,,,,,
Electrolyzer,,,Proton Onsite,,,,,,,,,,,,,,,,,,,,,,,,,,,,,,,,,,,,,,,
Electrolyzer system efficiency,67,kWh/kg H2,,,,,,,,,,,,,,,,,,,,,,,,,,,,,,,,,,,,,,,,
Compressor,,,"(H2A, tab ""Gaseous H2 Geologic Storage"", cell B138)",,,,,,,,,,,,,,,,,,,,,,,,,,,,,,,,,,,,,,,
Design Flow to Each Compressor,"57,991",(kg/day),"(H2A, tab ""Gaseous H2 Geologic Storage"", cell B145)",,,,,,,,,,,,,,,,,,,,,,,,,,,,,,,,,,,,,,,
Motor Rating per Compressor,"1,487",kW,Calc,,,,,,,,,,,,,,,,,,,,,,,,,,,,,,,,,,,,,,,
"Electricity is required to compress 57,991 kg of H2","35,688",kWh,Calc,,,,,,,,,,,,,,,,,,,,,,,,,,,,,,,,,,,,,,,
Compressor system efficiency,0.6154,kWh/kg H2,,,,,,,,,,,,,,,,,,,,,,,,,,,,,,,,,,,,,,,,
Electrolyzer / Compressor,,,Calc,,,,,,,,,,,,,,,,,,,,,,,,,,,,,,,,,,,,,,,
Ratio of power consumptions,109,Ratio,,,,,,,,,,,,,,,,,,,,,,,,,,,,,,,,,,,,,,,,
The electrolyzer consumes 109 times more power than the compressor for a given kg of H2 that goes through the system.,,,,,,,,,,,,,,,,,,,,,,,,,,,,,,,,,,,,,,,,,,
"Thus, in order to combine the electrolyzer and compressor costs and put them into the units of the electrolyzer,",,,,,,,,,,,,,,,,,,,,,,,,,,,,,,,,,,,,,,,,,,
we divide the fixed cost of the compressor by 109.,,,,,,,,,,,,,,,,,,,,,,,,,,,,,,,,,,,,,,,,,,
This combined electrolyzer + compressor fixed cost will be input into the electrolyzer variable in the SEM model.,,,,,,,,,,,,,,,,,,,,,,,,,,,,,,,,,,,,,,,,,,