<<<<<<< HEAD,,,,,,,,,,,,,,,,,,,,
"This file is documentation for the input data format for the case definition file, used as input for the Simple Energy Model v 1.0",,,,,,,,,,,,,,,,,,,,
,,,,,,,,,,,,,,,,,,,,
This is an example of the file format. This part of the file is for comments only.,,,,,,,,,,,,,,,,,,,,
,,,,,,,,,,,,,,,,,,,,
All global variables (not case specific) are specified after 'BEGIN GLOBAL DATA',,,,,,,,,,,,,,,,,,,,
All default technology costs and characteristics are specified after 'BEGIN ALL CASES DATA',,,,,,,,,,,,,,,,,,,,
"After 'BEGIN CASE DATA' enter the ratios of the case to the default value (i.e., if something is twice as expensive or twice as efficient, enter a 2)",,,,,,,,,,,,,,,,,,,,
,,,,,,,,,,,,,,,,,,,,
Completely blank rows will be ignored.,,,,,,,,,,,,,,,,,,,,
Items with unknown keywords will be ignored.,,,,,,,,,,,,,,,,,,,,
Keyword names are case insensitive.,,,,,,,,,,,,,,,,,,,,
,,,,,,,,,,,,,,,,,,,,
"To reduce errors, if one keyword exists relevant to a technology, all keywords for that technology must be defined (i.e., if you have FIXED_COST_wind, you must have a VAR_COST_wind).",,,,,,,,,,,,,,,,,,,,
,,,,,,,,,,,,,,,,,,,,
"All energy-related (i.e., capacity) costs are in terms of $/hr per kW capacity, except for variable generators (wind and solar) it is cost per hour of deployment at the level of the associated capacity file.",,,,,,,,,,,,,,,,,,,,
,,,,,,,,,,,,,,,,,,,,
"Note that costs of technologies with associated capacity files (e.g., wind solar) are assumed to be of the form where fixed costs the cost of hour of acheiveing the potential generation in the associated capacity file (i.e., there is no further normalization within the code).",,,,,,,,,,,,,,,,,,,,
,,,,,,,,,,,,,,,,,,,,
"All power-related (i.e., generation) costs  are in terms of $/kWh dispatched",,,,,,,,,,,,,,,,,,,,
Variable cost of energy storage (VAR_COST_storage) is in units of $/hr per kWh stored.,,,,,,,,,,,,,,,,,,,,
,,,,,,,,,,,,,,,,,,,,
"If the fixed cost for a technology is entered as a negative value, then that technology is assumed not to participate in the optimization.",,,,,,,,,,,,,,,,,,,,
,,,,,,,,,,,,,,,,,,,,
"It is assumed that the time series files will be a csv file with at least 5 columns:  year, month, day, hour, data. Subsequent columns will be ignored.",,,,,,,,,,,,,,,,,,,,
,,,,,,,,,,,,,,,,,,,,
"Hours are in the range of 1 to 24, where hour 1 is between midnight and 1 AM. Hour 24 is between 11 PM and midnight.",,,,,,,,,,,,,,,,,,,,
,,,,,,,,,,,,,,,,,,,,
"Required parameter data include: verbose, root_path, quick_output.",,,,,,,,,,,,,,,,,,,,
,,,,,,,,,,,,,,,,,,,,
Required case data includes case_name.,,,,,,,,,,,,,,,,,,,,
,,,,,,,,,,,,,,,,,,,,
"Allowable case keywords may appear either in the ""global data"" section or the ""case data"" section.",,,,,,,,,,,,,,,,,,,,
,,,,,,,,,,,,,,,,,,,,
Keywords that appear in the global section apply to all cases.,,,,,,,,,,,,,,,,,,,,
"So, for example, if all cases are to be run for the same time period, the start and stop time information could be put in the global section.",,,,,,,,,,,,,,,,,,,,
,,,,,,,,,,,,,,,,,,,,
"Required GLOBAL keywords are: VERBOSE, SWITCH_POSTPROCESS",,,,,,,,,,,,,,,,,,,,
,,,,,,,,,,,,,,,,,,,,
Required CASE keywords are: CASE_NAME,,,,,,,,,,,,,,,,,,,,
,,,,,,,,,,,,,,,,,,,,
BEGIN_GLOBAL_DATA,"""BEGIN_GLOBAL_DATA"" is a keyword that must be in the first column of the file. This section defines various flags and paths that will apply to the entire series of simulations.",,,,,,,,,,,,,,,,,,,
,,,,,,,,,,,,,,,,,,,,
GLOBAL_NAME,1980_2015_1Year,"GLOBAL_NAME will be the name of the folder containing key output, name of pickle file, etc",,,,,,,,,,,,,,,,,,
OUTPUT_PATH,Output_Data,OUTPUT_PATH is where the output folder will be created for this set of cases (no trailing slash),,,,,,,,,,,,,,,,,,
,,,,,,,,,,,,,,,,,,,,
VERBOSE,FALSE,"Print output to standard output while process (TRUE is good for interactive, FALSE is good for running lots of things in batch)",,,,,,,,,,,,,,,,,,
POSTPROCESS,FALSE,POSTPROCESS is True if you want standard output files. This variable must be stpecified,,,,,,,,,,,,,,,,,,
QUICK_LOOK,FALSE,QUICKLOOK is true if you want to use the newer postprocessing system.,,,,,,,,,,,,,,,,,,
,,,,,,,,,,,,,,,,,,,,
DATA_PATH,Input_Data/Shaner-et-al_E&ES2018,"DATA_PATH is where the input data will reside. It is prepended to the wind, solar, and demand file specifications listed in the cases. (no trailing slash)",Input_Data/Shaner_daily_average,,,,,,,,,,,,,,,,,
,,,,,,,,,,,,,,,,,,,,
BEGIN_ALL_CASES_DATA,"""BEGIN_ALL_CASES_DATA"" is a keyword that must be in the first column of the file. This section defines various flags (if any) that will be true for all of the simulations. Param keywords must be in the first column. Param value must be in the second column. Other columns are treated as comments.",,,,,,,,,,,,,,,,,,,
NUMERICS_COST_SCALING,1.00E+09,"Scaling value for costs to increase accuracy of optimizer results. Ideally, should have no implication for final results.",,,,,,,,,,,,,,,,,,
NUMERICS_DEMAND_SCALING,1.00E+00,"Scaling value for demand to increase accuracy of optimizer results. Ideally, should have no implication for final results.",,,,,,,,,,,,,,,,,,
,,,,,,,,,,,,,,,,,,,,
DEMAND_FILE,demand_series_Shaner_unnormalized.csv,,,,,,,,,,,,,,,,,,,
NORMALIZE_DEMAND_TO_ONE,FALSE,Normalize demand to 1.,,,,,,,,,,,,,,,,,,
,,,,,,,,,,,,,,,,,,,,
START_YEAR,2006,"When these values are entered for cases below, they are not scaled but entered as they should be used.",,,,,,,,,,,,,,,,,,
START_MONTH,1,"When these values are entered for cases below, they are not scaled but entered as they should be used.",,,,,,,,,,,,,,,,,,
START_DAY,1,"When these values are entered for cases below, they are not scaled but entered as they should be used.",,,,,,,,,,,,,,,,,,
START_HOUR,1,"When these values are entered for cases below, they are not scaled but entered as they should be used.",,,,,,,,,,,,,,,,,,
END_YEAR,2006,"When these values are entered for cases below, they are not scaled but entered as they should be used.",,,,,,,,,,,,,,,,,,
END_MONTH,12,"When these values are entered for cases below, they are not scaled but entered as they should be used.",,,,,,,,,,,,,,,,,,
END_DAY,31,"When these values are entered for cases below, they are not scaled but entered as they should be used.",,,,,,,,,,,,,,,,,,
END_HOUR,24,,,,,,,,,,,,,,,,,,,
,,,,,,,,,,,,,,,,,,,,
SOLAR_CAPACITY_FILE,solar_series_Shaner_normalized_to_0.2_mean.csv,,,,,,,,,,,,,,,,,,,
FIXED_COST_SOLAR,0.013689254,($/h)/kW,0.01953 is default value,,,,,,,,,,,,,,,,,
VAR_COST_SOLAR,1.00E-08,"The idea is that this should be a small number, and smaller than wind, so solar is curtailed first",,,,,,,,,,,,,,,,,,
,,,,,,,,,,,,,,,,,,,,
WIND_CAPACITY_FILE,wind_series_Shaner_normalized_to_0.38_mean.csv,,,,,,,,,,,,,,,,,,,
FIXED_COST_WIND,0.013689254,($/h)/kW,0.02065 is default value,,,,,,,,,,,,,,,,,
VAR_COST_WIND,1.01E-08,"The idea is that this should be a small number, but bigger than solar, so solar is curtailed first",,,,,,,,,,,,,,,,,,
,,,,,,,,,,,,,,,,,,,,
FIXED_COST_NATGAS,-1,($/h)/kW,"0.01184 is default value for NGCC, 0.027 is default value for NGCC + CCS",,,,,,,,,,,,,,,,,
VAR_COST_NATGAS,0.02968,$/kWh,,,,,,,,,,,,,,,,,,
,,,,,,,,,,,,,,,,,,,,
FIXED_COST_NUCLEAR,-1,($/h)/kW,0.06243 is default value,,,,,,,,,,,,,,,,,
VAR_COST_NUCLEAR,0.02516,$/kWh,,,,,,,,,,,,,,,,,,
,,,,,,,,,,,,,,,,,,,,
FIXED_COST_STORAGE,0.009126169,($/h)/kWh,If we assume $261/kWh capacity with a 8% cap recovery factor and 8760 hours per year (and 6 hour charge/discharge time),,,,,,,,,,,,,,,,,
VAR_COST_TO_STORAGE,0,($/h)/kW,,,,,,,,,,,,,,,,,,
VAR_COST_FROM_STORAGE,0,($/h)/kW,,,,,,,,,,,,,,,,,,
STORAGE_CHARGING_EFFICIENCY,0.9,,,,,,,,,,,,,,,,,,,
STORAGE_DECAY_RATE,1.14E-06,fraction per hour,,0.0073048,fraction per month,,,,,,,,,,,,,,,
STORAGE_CHARGING_TIME,1,hours,from $1568/kW and $261/kWh from Davis et al 2018,,,,,,,,,,,,,,,,,
,,,,,,,,,,,,,,,,,,,,
FIXED_COST_PGP_STORAGE,-1,($/h)/kWh,2.7e-6 adds on about 2.4 cents per kWh if used one cycle per year,,,,,,,,,,,,,,,,,
FIXED_COST_TO_PGP_STORAGE,-1,($/h)/kW,($/h)/kW,,,,,,,,,,,,,,,,,
FIXED_COST_FROM_PGP_STORAGE,-1,($/h)/kW,Electrolyser $4600 per kW capital cost. Assume 8% capital recovery factor and 8760 hours per year = ,,,,,,,,,,,,,,,,,
VAR_COST_TO_PGP_STORAGE,0,($/h)/kW,,,,,,,,,,,,,,,,,,
VAR_COST_FROM_PGP_STORAGE,0,($/h)/kW,,,,,,,,,,,,,,,,,,
PGP_STORAGE_CHARGING_EFFICIENCY,-1,,,,,,,,,,,,,,,,,,,
,,,,,,,,,,,,,,,,,,,,
VAR_COST_UNMET_DEMAND,0,($/h)/kW,,,,,,,,,,,,,,,,,,
,,Note: values provided below will override values given above.,,,,,,,,,,,,,,,,,,
BEGIN_CASE_DATA,"""BEGIN_CASE_DATA"" is a keyword that must be in the first column of the file. The next row must contain keywords. Definitions here will multiply times values in  <BEGIN_ALL_CASES_DATA>. There must be at least one row here, because this is how the number of cases gets defined.",,,,,,,,,,,,,,,,,,,
CASE_NAME,START_YEAR,END_YEAR,FIXED_COST_SOLAR,VAR_COST_SOLAR,FIXED_COST_WIND,VAR_COST_WIND,FIXED_COST_NATGAS,VAR_COST_NATGAS,FIXED_COST_NUCLEAR,VAR_COST_NUCLEAR,FIXED_COST_STORAGE,VAR_COST_TO_STORAGE,VAR_COST_FROM_STORAGE,FIXED_COST_PGP_STORAGE,FIXED_COST_TO_PGP_STORAGE,FIXED_COST_FROM_PGP_STORAGE,VAR_COST_TO_PGP_STORAGE,VAR_COST_FROM_PGP_STORAGE,VAR_COST_UNMET_DEMAND,
,,,,,,,,,,,,,,,,,,,,
1980_0,1980,1980,1,1,1,1,1,1,1,1,-1,1,1,1,1,1,1,1,1,1
1981_0,1981,1981,1,1,1,1,1,1,1,1,-1,1,1,1,1,1,1,1,1,1
1982_0,1982,1982,1,1,1,1,1,1,1,1,-1,1,1,1,1,1,1,1,1,1
1983_0,1983,1983,1,1,1,1,1,1,1,1,-1,1,1,1,1,1,1,1,1,1
1984_0,1984,1984,1,1,1,1,1,1,1,1,-1,1,1,1,1,1,1,1,1,1
1985_0,1985,1985,1,1,1,1,1,1,1,1,-1,1,1,1,1,1,1,1,1,1
1986_0,1986,1986,1,1,1,1,1,1,1,1,-1,1,1,1,1,1,1,1,1,1
1987_0,1987,1987,1,1,1,1,1,1,1,1,-1,1,1,1,1,1,1,1,1,1
1988_0,1988,1988,1,1,1,1,1,1,1,1,-1,1,1,1,1,1,1,1,1,1
1989_0,1989,1989,1,1,1,1,1,1,1,1,-1,1,1,1,1,1,1,1,1,1
1990_0,1990,1990,1,1,1,1,1,1,1,1,-1,1,1,1,1,1,1,1,1,1
1991_0,1991,1991,1,1,1,1,1,1,1,1,-1,1,1,1,1,1,1,1,1,1
1992_0,1992,1992,1,1,1,1,1,1,1,1,-1,1,1,1,1,1,1,1,1,1
1993_0,1993,1993,1,1,1,1,1,1,1,1,-1,1,1,1,1,1,1,1,1,1
1994_0,1994,1994,1,1,1,1,1,1,1,1,-1,1,1,1,1,1,1,1,1,1
1995_0,1995,1995,1,1,1,1,1,1,1,1,-1,1,1,1,1,1,1,1,1,1
1996_0,1996,1996,1,1,1,1,1,1,1,1,-1,1,1,1,1,1,1,1,1,1
1997_0,1997,1997,1,1,1,1,1,1,1,1,-1,1,1,1,1,1,1,1,1,1
1998_0,1998,1998,1,1,1,1,1,1,1,1,-1,1,1,1,1,1,1,1,1,1
1999_0,1999,1999,1,1,1,1,1,1,1,1,-1,1,1,1,1,1,1,1,1,1
2000_0,2000,2000,1,1,1,1,1,1,1,1,-1,1,1,1,1,1,1,1,1,1
2001_0,2001,2001,1,1,1,1,1,1,1,1,-1,1,1,1,1,1,1,1,1,1
2002_0,2002,2002,1,1,1,1,1,1,1,1,-1,1,1,1,1,1,1,1,1,1
2003_0,2003,2003,1,1,1,1,1,1,1,1,-1,1,1,1,1,1,1,1,1,1
2004_0,2004,2004,1,1,1,1,1,1,1,1,-1,1,1,1,1,1,1,1,1,1
2005_0,2005,2005,1,1,1,1,1,1,1,1,-1,1,1,1,1,1,1,1,1,1
2006_0,2006,2006,1,1,1,1,1,1,1,1,-1,1,1,1,1,1,1,1,1,1
2007_0,2007,2007,1,1,1,1,1,1,1,1,-1,1,1,1,1,1,1,1,1,1
2008_0,2008,2008,1,1,1,1,1,1,1,1,-1,1,1,1,1,1,1,1,1,1
2009_0,2009,2009,1,1,1,1,1,1,1,1,-1,1,1,1,1,1,1,1,1,1
2010_0,2010,2010,1,1,1,1,1,1,1,1,-1,1,1,1,1,1,1,1,1,1
2011_0,2011,2011,1,1,1,1,1,1,1,1,-1,1,1,1,1,1,1,1,1,1
2012_0,2012,2012,1,1,1,1,1,1,1,1,-1,1,1,1,1,1,1,1,1,1
2013_0,2013,2013,1,1,1,1,1,1,1,1,-1,1,1,1,1,1,1,1,1,1
2014_0,2014,2014,1,1,1,1,1,1,1,1,-1,1,1,1,1,1,1,1,1,1
2015_0,2015,2015,1,1,1,1,1,1,1,1,-1,1,1,1,1,1,1,1,1,1
1980_1,1980,1980,1,1,1,1,1,1,1,1,1,1,1,1,1,1,1,1,1,1
1980_2,1980,1980,1,1,1,1,1,1,1,1,0.1,1,1,1,1,1,1,1,1,1
1980_3,1980,1980,1,1,1,1,1,1,1,1,0.01,1,1,1,1,1,1,1,1,1
1980_4,1980,1980,1,1,1,1,1,1,1,1,0.001,1,1,1,1,1,1,1,1,1
1980_5,1980,1980,1,1,1,1,1,1,1,1,0.0001,1,1,1,1,1,1,1,1,1
1981_1,1981,1981,1,1,1,1,1,1,1,1,1,1,1,1,1,1,1,1,1,1
1981_2,1981,1981,1,1,1,1,1,1,1,1,0.1,1,1,1,1,1,1,1,1,1
1981_3,1981,1981,1,1,1,1,1,1,1,1,0.01,1,1,1,1,1,1,1,1,1
1981_4,1981,1981,1,1,1,1,1,1,1,1,0.001,1,1,1,1,1,1,1,1,1
1981_5,1981,1981,1,1,1,1,1,1,1,1,0.0001,1,1,1,1,1,1,1,1,1
1982_1,1982,1982,1,1,1,1,1,1,1,1,1,1,1,1,1,1,1,1,1,1
1982_2,1982,1982,1,1,1,1,1,1,1,1,0.1,1,1,1,1,1,1,1,1,1
1982_3,1982,1982,1,1,1,1,1,1,1,1,0.01,1,1,1,1,1,1,1,1,1
1982_4,1982,1982,1,1,1,1,1,1,1,1,0.001,1,1,1,1,1,1,1,1,1
1982_5,1982,1982,1,1,1,1,1,1,1,1,0.0001,1,1,1,1,1,1,1,1,1
1983_1,1983,1983,1,1,1,1,1,1,1,1,1,1,1,1,1,1,1,1,1,1
1983_2,1983,1983,1,1,1,1,1,1,1,1,0.1,1,1,1,1,1,1,1,1,1
1983_3,1983,1983,1,1,1,1,1,1,1,1,0.01,1,1,1,1,1,1,1,1,1
1983_4,1983,1983,1,1,1,1,1,1,1,1,0.001,1,1,1,1,1,1,1,1,1
1983_5,1983,1983,1,1,1,1,1,1,1,1,0.0001,1,1,1,1,1,1,1,1,1
1984_1,1984,1984,1,1,1,1,1,1,1,1,1,1,1,1,1,1,1,1,1,1
1984_2,1984,1984,1,1,1,1,1,1,1,1,0.1,1,1,1,1,1,1,1,1,1
1984_3,1984,1984,1,1,1,1,1,1,1,1,0.01,1,1,1,1,1,1,1,1,1
1984_4,1984,1984,1,1,1,1,1,1,1,1,0.001,1,1,1,1,1,1,1,1,1
1984_5,1984,1984,1,1,1,1,1,1,1,1,0.0001,1,1,1,1,1,1,1,1,1
1985_1,1985,1985,1,1,1,1,1,1,1,1,1,1,1,1,1,1,1,1,1,1
1985_2,1985,1985,1,1,1,1,1,1,1,1,0.1,1,1,1,1,1,1,1,1,1
1985_3,1985,1985,1,1,1,1,1,1,1,1,0.01,1,1,1,1,1,1,1,1,1
1985_4,1985,1985,1,1,1,1,1,1,1,1,0.001,1,1,1,1,1,1,1,1,1
1985_5,1985,1985,1,1,1,1,1,1,1,1,0.0001,1,1,1,1,1,1,1,1,1
1986_1,1986,1986,1,1,1,1,1,1,1,1,1,1,1,1,1,1,1,1,1,1
1986_2,1986,1986,1,1,1,1,1,1,1,1,0.1,1,1,1,1,1,1,1,1,1
1986_3,1986,1986,1,1,1,1,1,1,1,1,0.01,1,1,1,1,1,1,1,1,1
1986_4,1986,1986,1,1,1,1,1,1,1,1,0.001,1,1,1,1,1,1,1,1,1
1986_5,1986,1986,1,1,1,1,1,1,1,1,0.0001,1,1,1,1,1,1,1,1,1
1987_1,1987,1987,1,1,1,1,1,1,1,1,1,1,1,1,1,1,1,1,1,1
1987_2,1987,1987,1,1,1,1,1,1,1,1,0.1,1,1,1,1,1,1,1,1,1
1987_3,1987,1987,1,1,1,1,1,1,1,1,0.01,1,1,1,1,1,1,1,1,1
1987_4,1987,1987,1,1,1,1,1,1,1,1,0.001,1,1,1,1,1,1,1,1,1
1987_5,1987,1987,1,1,1,1,1,1,1,1,0.0001,1,1,1,1,1,1,1,1,1
1988_1,1988,1988,1,1,1,1,1,1,1,1,1,1,1,1,1,1,1,1,1,1
1988_2,1988,1988,1,1,1,1,1,1,1,1,0.1,1,1,1,1,1,1,1,1,1
1988_3,1988,1988,1,1,1,1,1,1,1,1,0.01,1,1,1,1,1,1,1,1,1
1988_4,1988,1988,1,1,1,1,1,1,1,1,0.001,1,1,1,1,1,1,1,1,1
1988_5,1988,1988,1,1,1,1,1,1,1,1,0.0001,1,1,1,1,1,1,1,1,1
1989_1,1989,1989,1,1,1,1,1,1,1,1,1,1,1,1,1,1,1,1,1,1
1989_2,1989,1989,1,1,1,1,1,1,1,1,0.1,1,1,1,1,1,1,1,1,1
1989_3,1989,1989,1,1,1,1,1,1,1,1,0.01,1,1,1,1,1,1,1,1,1
1989_4,1989,1989,1,1,1,1,1,1,1,1,0.001,1,1,1,1,1,1,1,1,1
1989_5,1989,1989,1,1,1,1,1,1,1,1,0.0001,1,1,1,1,1,1,1,1,1
1990_1,1990,1990,1,1,1,1,1,1,1,1,1,1,1,1,1,1,1,1,1,1
1990_2,1990,1990,1,1,1,1,1,1,1,1,0.1,1,1,1,1,1,1,1,1,1
1990_3,1990,1990,1,1,1,1,1,1,1,1,0.01,1,1,1,1,1,1,1,1,1
1990_4,1990,1990,1,1,1,1,1,1,1,1,0.001,1,1,1,1,1,1,1,1,1
1990_5,1990,1990,1,1,1,1,1,1,1,1,0.0001,1,1,1,1,1,1,1,1,1
1991_1,1991,1991,1,1,1,1,1,1,1,1,1,1,1,1,1,1,1,1,1,1
1991_2,1991,1991,1,1,1,1,1,1,1,1,0.1,1,1,1,1,1,1,1,1,1
1991_3,1991,1991,1,1,1,1,1,1,1,1,0.01,1,1,1,1,1,1,1,1,1
1991_4,1991,1991,1,1,1,1,1,1,1,1,0.001,1,1,1,1,1,1,1,1,1
1991_5,1991,1991,1,1,1,1,1,1,1,1,0.0001,1,1,1,1,1,1,1,1,1
1992_1,1992,1992,1,1,1,1,1,1,1,1,1,1,1,1,1,1,1,1,1,1
1992_2,1992,1992,1,1,1,1,1,1,1,1,0.1,1,1,1,1,1,1,1,1,1
1992_3,1992,1992,1,1,1,1,1,1,1,1,0.01,1,1,1,1,1,1,1,1,1
1992_4,1992,1992,1,1,1,1,1,1,1,1,0.001,1,1,1,1,1,1,1,1,1
1992_5,1992,1992,1,1,1,1,1,1,1,1,0.0001,1,1,1,1,1,1,1,1,1
1993_1,1993,1993,1,1,1,1,1,1,1,1,1,1,1,1,1,1,1,1,1,1
1993_2,1993,1993,1,1,1,1,1,1,1,1,0.1,1,1,1,1,1,1,1,1,1
1993_3,1993,1993,1,1,1,1,1,1,1,1,0.01,1,1,1,1,1,1,1,1,1
1993_4,1993,1993,1,1,1,1,1,1,1,1,0.001,1,1,1,1,1,1,1,1,1
1993_5,1993,1993,1,1,1,1,1,1,1,1,0.0001,1,1,1,1,1,1,1,1,1
1994_1,1994,1994,1,1,1,1,1,1,1,1,1,1,1,1,1,1,1,1,1,1
1994_2,1994,1994,1,1,1,1,1,1,1,1,0.1,1,1,1,1,1,1,1,1,1
1994_3,1994,1994,1,1,1,1,1,1,1,1,0.01,1,1,1,1,1,1,1,1,1
1994_4,1994,1994,1,1,1,1,1,1,1,1,0.001,1,1,1,1,1,1,1,1,1
1994_5,1994,1994,1,1,1,1,1,1,1,1,0.0001,1,1,1,1,1,1,1,1,1
1995_1,1995,1995,1,1,1,1,1,1,1,1,1,1,1,1,1,1,1,1,1,1
1995_2,1995,1995,1,1,1,1,1,1,1,1,0.1,1,1,1,1,1,1,1,1,1
1995_3,1995,1995,1,1,1,1,1,1,1,1,0.01,1,1,1,1,1,1,1,1,1
1995_4,1995,1995,1,1,1,1,1,1,1,1,0.001,1,1,1,1,1,1,1,1,1
1995_5,1995,1995,1,1,1,1,1,1,1,1,0.0001,1,1,1,1,1,1,1,1,1
1996_1,1996,1996,1,1,1,1,1,1,1,1,1,1,1,1,1,1,1,1,1,1
1996_2,1996,1996,1,1,1,1,1,1,1,1,0.1,1,1,1,1,1,1,1,1,1
1996_3,1996,1996,1,1,1,1,1,1,1,1,0.01,1,1,1,1,1,1,1,1,1
1996_4,1996,1996,1,1,1,1,1,1,1,1,0.001,1,1,1,1,1,1,1,1,1
1996_5,1996,1996,1,1,1,1,1,1,1,1,0.0001,1,1,1,1,1,1,1,1,1
1997_1,1997,1997,1,1,1,1,1,1,1,1,1,1,1,1,1,1,1,1,1,1
1997_2,1997,1997,1,1,1,1,1,1,1,1,0.1,1,1,1,1,1,1,1,1,1
1997_3,1997,1997,1,1,1,1,1,1,1,1,0.01,1,1,1,1,1,1,1,1,1
1997_4,1997,1997,1,1,1,1,1,1,1,1,0.001,1,1,1,1,1,1,1,1,1
1997_5,1997,1997,1,1,1,1,1,1,1,1,0.0001,1,1,1,1,1,1,1,1,1
1998_1,1998,1998,1,1,1,1,1,1,1,1,1,1,1,1,1,1,1,1,1,1
1998_2,1998,1998,1,1,1,1,1,1,1,1,0.1,1,1,1,1,1,1,1,1,1
1998_3,1998,1998,1,1,1,1,1,1,1,1,0.01,1,1,1,1,1,1,1,1,1
1998_4,1998,1998,1,1,1,1,1,1,1,1,0.001,1,1,1,1,1,1,1,1,1
1998_5,1998,1998,1,1,1,1,1,1,1,1,0.0001,1,1,1,1,1,1,1,1,1
1999_1,1999,1999,1,1,1,1,1,1,1,1,1,1,1,1,1,1,1,1,1,1
1999_2,1999,1999,1,1,1,1,1,1,1,1,0.1,1,1,1,1,1,1,1,1,1
1999_3,1999,1999,1,1,1,1,1,1,1,1,0.01,1,1,1,1,1,1,1,1,1
1999_4,1999,1999,1,1,1,1,1,1,1,1,0.001,1,1,1,1,1,1,1,1,1
1999_5,1999,1999,1,1,1,1,1,1,1,1,0.0001,1,1,1,1,1,1,1,1,1
2000_1,2000,2000,1,1,1,1,1,1,1,1,1,1,1,1,1,1,1,1,1,1
2000_2,2000,2000,1,1,1,1,1,1,1,1,0.1,1,1,1,1,1,1,1,1,1
2000_3,2000,2000,1,1,1,1,1,1,1,1,0.01,1,1,1,1,1,1,1,1,1
2000_4,2000,2000,1,1,1,1,1,1,1,1,0.001,1,1,1,1,1,1,1,1,1
2000_5,2000,2000,1,1,1,1,1,1,1,1,0.0001,1,1,1,1,1,1,1,1,1
2001_1,2001,2001,1,1,1,1,1,1,1,1,1,1,1,1,1,1,1,1,1,1
2001_2,2001,2001,1,1,1,1,1,1,1,1,0.1,1,1,1,1,1,1,1,1,1
2001_3,2001,2001,1,1,1,1,1,1,1,1,0.01,1,1,1,1,1,1,1,1,1
2001_4,2001,2001,1,1,1,1,1,1,1,1,0.001,1,1,1,1,1,1,1,1,1
2001_5,2001,2001,1,1,1,1,1,1,1,1,0.0001,1,1,1,1,1,1,1,1,1
2002_1,2002,2002,1,1,1,1,1,1,1,1,1,1,1,1,1,1,1,1,1,1
2002_2,2002,2002,1,1,1,1,1,1,1,1,0.1,1,1,1,1,1,1,1,1,1
2002_3,2002,2002,1,1,1,1,1,1,1,1,0.01,1,1,1,1,1,1,1,1,1
2002_4,2002,2002,1,1,1,1,1,1,1,1,0.001,1,1,1,1,1,1,1,1,1
2002_5,2002,2002,1,1,1,1,1,1,1,1,0.0001,1,1,1,1,1,1,1,1,1
2003_1,2003,2003,1,1,1,1,1,1,1,1,1,1,1,1,1,1,1,1,1,1
2003_2,2003,2003,1,1,1,1,1,1,1,1,0.1,1,1,1,1,1,1,1,1,1
2003_3,2003,2003,1,1,1,1,1,1,1,1,0.01,1,1,1,1,1,1,1,1,1
2003_4,2003,2003,1,1,1,1,1,1,1,1,0.001,1,1,1,1,1,1,1,1,1
2003_5,2003,2003,1,1,1,1,1,1,1,1,0.0001,1,1,1,1,1,1,1,1,1
2004_1,2004,2004,1,1,1,1,1,1,1,1,1,1,1,1,1,1,1,1,1,1
2004_2,2004,2004,1,1,1,1,1,1,1,1,0.1,1,1,1,1,1,1,1,1,1
2004_3,2004,2004,1,1,1,1,1,1,1,1,0.01,1,1,1,1,1,1,1,1,1
2004_4,2004,2004,1,1,1,1,1,1,1,1,0.001,1,1,1,1,1,1,1,1,1
2004_5,2004,2004,1,1,1,1,1,1,1,1,0.0001,1,1,1,1,1,1,1,1,1
2005_1,2005,2005,1,1,1,1,1,1,1,1,1,1,1,1,1,1,1,1,1,1
2005_2,2005,2005,1,1,1,1,1,1,1,1,0.1,1,1,1,1,1,1,1,1,1
2005_3,2005,2005,1,1,1,1,1,1,1,1,0.01,1,1,1,1,1,1,1,1,1
2005_4,2005,2005,1,1,1,1,1,1,1,1,0.001,1,1,1,1,1,1,1,1,1
2005_5,2005,2005,1,1,1,1,1,1,1,1,0.0001,1,1,1,1,1,1,1,1,1
2006_1,2006,2006,1,1,1,1,1,1,1,1,1,1,1,1,1,1,1,1,1,1
2006_2,2006,2006,1,1,1,1,1,1,1,1,0.1,1,1,1,1,1,1,1,1,1
2006_3,2006,2006,1,1,1,1,1,1,1,1,0.01,1,1,1,1,1,1,1,1,1
2006_4,2006,2006,1,1,1,1,1,1,1,1,0.001,1,1,1,1,1,1,1,1,1
2006_5,2006,2006,1,1,1,1,1,1,1,1,0.0001,1,1,1,1,1,1,1,1,1
2007_1,2007,2007,1,1,1,1,1,1,1,1,1,1,1,1,1,1,1,1,1,1
2007_2,2007,2007,1,1,1,1,1,1,1,1,0.1,1,1,1,1,1,1,1,1,1
2007_3,2007,2007,1,1,1,1,1,1,1,1,0.01,1,1,1,1,1,1,1,1,1
2007_4,2007,2007,1,1,1,1,1,1,1,1,0.001,1,1,1,1,1,1,1,1,1
2007_5,2007,2007,1,1,1,1,1,1,1,1,0.0001,1,1,1,1,1,1,1,1,1
2008_1,2008,2008,1,1,1,1,1,1,1,1,1,1,1,1,1,1,1,1,1,1
2008_2,2008,2008,1,1,1,1,1,1,1,1,0.1,1,1,1,1,1,1,1,1,1
2008_3,2008,2008,1,1,1,1,1,1,1,1,0.01,1,1,1,1,1,1,1,1,1
2008_4,2008,2008,1,1,1,1,1,1,1,1,0.001,1,1,1,1,1,1,1,1,1
2008_5,2008,2008,1,1,1,1,1,1,1,1,0.0001,1,1,1,1,1,1,1,1,1
2009_1,2009,2009,1,1,1,1,1,1,1,1,1,1,1,1,1,1,1,1,1,1
2009_2,2009,2009,1,1,1,1,1,1,1,1,0.1,1,1,1,1,1,1,1,1,1
2009_3,2009,2009,1,1,1,1,1,1,1,1,0.01,1,1,1,1,1,1,1,1,1
2009_4,2009,2009,1,1,1,1,1,1,1,1,0.001,1,1,1,1,1,1,1,1,1
2009_5,2009,2009,1,1,1,1,1,1,1,1,0.0001,1,1,1,1,1,1,1,1,1
2010_1,2010,2010,1,1,1,1,1,1,1,1,1,1,1,1,1,1,1,1,1,1
2010_2,2010,2010,1,1,1,1,1,1,1,1,0.1,1,1,1,1,1,1,1,1,1
2010_3,2010,2010,1,1,1,1,1,1,1,1,0.01,1,1,1,1,1,1,1,1,1
2010_4,2010,2010,1,1,1,1,1,1,1,1,0.001,1,1,1,1,1,1,1,1,1
2010_5,2010,2010,1,1,1,1,1,1,1,1,0.0001,1,1,1,1,1,1,1,1,1
2011_1,2011,2011,1,1,1,1,1,1,1,1,1,1,1,1,1,1,1,1,1,1
2011_2,2011,2011,1,1,1,1,1,1,1,1,0.1,1,1,1,1,1,1,1,1,1
2011_3,2011,2011,1,1,1,1,1,1,1,1,0.01,1,1,1,1,1,1,1,1,1
2011_4,2011,2011,1,1,1,1,1,1,1,1,0.001,1,1,1,1,1,1,1,1,1
2011_5,2011,2011,1,1,1,1,1,1,1,1,0.0001,1,1,1,1,1,1,1,1,1
2012_1,2012,2012,1,1,1,1,1,1,1,1,1,1,1,1,1,1,1,1,1,1
2012_2,2012,2012,1,1,1,1,1,1,1,1,0.1,1,1,1,1,1,1,1,1,1
2012_3,2012,2012,1,1,1,1,1,1,1,1,0.01,1,1,1,1,1,1,1,1,1
2012_4,2012,2012,1,1,1,1,1,1,1,1,0.001,1,1,1,1,1,1,1,1,1
2012_5,2012,2012,1,1,1,1,1,1,1,1,0.0001,1,1,1,1,1,1,1,1,1
2013_1,2013,2013,1,1,1,1,1,1,1,1,1,1,1,1,1,1,1,1,1,1
2013_2,2013,2013,1,1,1,1,1,1,1,1,0.1,1,1,1,1,1,1,1,1,1
2013_3,2013,2013,1,1,1,1,1,1,1,1,0.01,1,1,1,1,1,1,1,1,1
2013_4,2013,2013,1,1,1,1,1,1,1,1,0.001,1,1,1,1,1,1,1,1,1
2013_5,2013,2013,1,1,1,1,1,1,1,1,0.0001,1,1,1,1,1,1,1,1,1
2014_1,2014,2014,1,1,1,1,1,1,1,1,1,1,1,1,1,1,1,1,1,1
2014_2,2014,2014,1,1,1,1,1,1,1,1,0.1,1,1,1,1,1,1,1,1,1
2014_3,2014,2014,1,1,1,1,1,1,1,1,0.01,1,1,1,1,1,1,1,1,1
2014_4,2014,2014,1,1,1,1,1,1,1,1,0.001,1,1,1,1,1,1,1,1,1
2014_5,2014,2014,1,1,1,1,1,1,1,1,0.0001,1,1,1,1,1,1,1,1,1
2015_1,2015,2015,1,1,1,1,1,1,1,1,1,1,1,1,1,1,1,1,1,1
2015_2,2015,2015,1,1,1,1,1,1,1,1,0.1,1,1,1,1,1,1,1,1,1
2015_3,2015,2015,1,1,1,1,1,1,1,1,0.01,1,1,1,1,1,1,1,1,1
2015_4,2015,2015,1,1,1,1,1,1,1,1,0.001,1,1,1,1,1,1,1,1,1
2015_5,2015,2015,1,1,1,1,1,1,1,1,0.0001,1,1,1,1,1,1,1,1,1
,,,,,,,,,,,,,,,,,,,,
END_DATA,,,,,,,,,,,,,,,,,,,,
,,,,,,,,,,,,,,,,,,,,
,,,,,,,,,,,,,,,,,,,,
,,,,,,,,,,,,,,,,,,,,
This area can be used for notes or text.,,,,,,,,,,,,,,,,,,,,
=======,,,,,,,,,,,,,,,,,,,,
>>>>>>> master,,,,,,,,,,,,,,,,,,,,